"","File","interval","tempC","PAR","K.instant","GPP.instant","ER.instant"
"1","Yallakool_example_2011-12-01.csv",1,21.91,0,0.0131603870698112,0,0.0416138035249414
"2","Yallakool_example_2011-12-01.csv",2,21.85,0,0.01314159626954,0,0.0414411039985749
"3","Yallakool_example_2011-12-01.csv",3,21.83,0,0.0131353386335814,0,0.0413836969063327
"4","Yallakool_example_2011-12-01.csv",4,21.76,0,0.0131134603635505,0,0.0411833976146773
"5","Yallakool_example_2011-12-01.csv",5,21.74,0,0.0131072161250707,0,0.0411263475151965
"6","Yallakool_example_2011-12-01.csv",6,21.7,0,0.0130947365666554,0,0.0410124842960243
"7","Yallakool_example_2011-12-01.csv",7,21.6,0,0.0130635896294347,0,0.0407292035318535
"8","Yallakool_example_2011-12-01.csv",8,21.57,0,0.0130542600029908,0,0.0406446014704465
"9","Yallakool_example_2011-12-01.csv",9,21.52,0,0.0130387254297702,0,0.0405039883746347
"10","Yallakool_example_2011-12-01.csv",10,21.48,0,0.0130263110822757,0,0.0403918482312888
"11","Yallakool_example_2011-12-01.csv",11,21.41,0,0.0130046144089493,0,0.0401963495399154
"12","Yallakool_example_2011-12-01.csv",12,21.36,0,0.0129891389140002,0,0.0400572872058131
"13","Yallakool_example_2011-12-01.csv",13,21.33,0,0.0129798624580387,0,0.0399740808384376
"14","Yallakool_example_2011-12-01.csv",14,21.28,0,0.0129644164179185,0,0.0398357874598443
"15","Yallakool_example_2011-12-01.csv",15,21.26,0,0.0129582431497177,0,0.0397806041634407
"16","Yallakool_example_2011-12-01.csv",16,21.2,0,0.0129397409766736,0,0.0396155125131789
"17","Yallakool_example_2011-12-01.csv",17,21.15,0,0.0129243426811279,0,0.039478459629029
"18","Yallakool_example_2011-12-01.csv",18,21.12,0,0.0129151125007051,0,0.0393964555931982
"19","Yallakool_example_2011-12-01.csv",19,21.06,0,0.0128966719109114,0,0.0392329581801971
"20","Yallakool_example_2011-12-01.csv",20,21.03,0,0.0128874614921282,0,0.039151464096117
"21","Yallakool_example_2011-12-01.csv",21,20.98,0,0.0128721254091844,0,0.0390160166228253
"22","Yallakool_example_2011-12-01.csv",22,20.92,0,0.0128537461976652,0,0.0388540980520455
"23","Yallakool_example_2011-12-01.csv",23,20.85,0,0.0128323369490675,0,0.0386660421532371
"24","Yallakool_example_2011-12-01.csv",24,20.82,0,0.012823172476397,0,0.0385857256582176
"25","Yallakool_example_2011-12-01.csv",25,20.76,0,0.0128048631613617,0,0.0384255928181208
"26","Yallakool_example_2011-12-01.csv",26,20.74,0,0.0127987658676601,0,0.0383723630211673
"27","Yallakool_example_2011-12-01.csv",27,20.68,0,0.0127804914011219,0,0.038213115647508
"28","Yallakool_example_2011-12-01.csv",28,20.62,0,0.0127622430274218,0,0.0380545291590281
"29","Yallakool_example_2011-12-01.csv",29,20.57,0.123624675,0.0127470559544876,3.38383144381933e-06,0.0379228766157352
"30","Yallakool_example_2011-12-01.csv",30,20.55,1.35987143,0.0127409861868528,3.72221460188717e-05,0.0378703432161413
"31","Yallakool_example_2011-12-01.csv",31,20.51,6.181233774,0.0127288553209336,0.00016919157284789,0.0377654946348723
"32","Yallakool_example_2011-12-01.csv",32,20.48,16.81295587,0.0127197647517583,0.000460201078275456,0.0376870487430035
"33","Yallakool_example_2011-12-01.csv",33,20.43,31.7715416,0.0127046282279846,0.000869644684483045,0.037556667526211
"34","Yallakool_example_2011-12-01.csv",34,20.39,57.4854741,0.0126925319789716,0.00157348162753465,0.0374526873936614
"35","Yallakool_example_2011-12-01.csv",35,20.33,102.6084807,0.0126744091964054,0.00280858011068736,0.0372972567233992
"36","Yallakool_example_2011-12-01.csv",36,20.27,161.5774509,0.0126563122900984,0.00442266771554784,0.0371424710987917
"37","Yallakool_example_2011-12-01.csv",37,20.24,241.3153665,0.0126472735289942,0.00660523900296997,0.0370653193416195
"38","Yallakool_example_2011-12-01.csv",38,20.23,341.5749784,0.0126442620433458,0.00934952631690906,0.0370396377186635
"39","Yallakool_example_2011-12-01.csv",39,20.21,426.2578811,0.0126382412231038,0.0116674508648211,0.0369883278428647
"40","Yallakool_example_2011-12-01.csv",40,20.16,498.4546916,0.012623201712353,0.0136436084362232,0.0368603639042671
"41","Yallakool_example_2011-12-01.csv",41,20.18,570.0333787,0.0126292153678171,0.0156028468497218,0.0369114962696409
"42","Yallakool_example_2011-12-01.csv",42,20.17,644.3318086,0.0126262081820594,0.0176365295536159,0.0368859212268036
"43","Yallakool_example_2011-12-01.csv",43,20.14,726.6658425,0.0126171909204121,0.0198901613047797,0.0368093023709931
"44","Yallakool_example_2011-12-01.csv",44,20.08,815.3047348,0.012599175712097,0.022316368458894,0.0366565417832342
"45","Yallakool_example_2011-12-01.csv",45,20.08,895.5371492,0.012599175712097,0.0245124750748286,0.0366565417832342
"46","Yallakool_example_2011-12-01.csv",46,20.06,971.6899493,0.0125931763606204,0.0265969152524328,0.0366057625985025
"47","Yallakool_example_2011-12-01.csv",47,20.09,1043.88676,0.0126021764595276,0.0285730728293092,0.0366819577846568
"48","Yallakool_example_2011-12-01.csv",48,20.07,1114.970948,0.0125961756791847,0.0305187759060839,0.0366311433919167
"49","Yallakool_example_2011-12-01.csv",49,20.11,1183.088144,0.0126081800986243,0.0323832670336812,0.0367328426666657
"50","Yallakool_example_2011-12-01.csv",50,20.14,1250.339968,0.0126171909204121,0.0342240713610164,0.0368093023709931
"51","Yallakool_example_2011-12-01.csv",51,20.17,1315.984671,0.0126262081820594,0.0360208858734232,0.0368859212268036
"52","Yallakool_example_2011-12-01.csv",52,20.29,1383.112869,0.0126623417193426,0.0378583063330469,0.0371939948007292
"53","Yallakool_example_2011-12-01.csv",53,20.37,1448.386698,0.0126864881740267,0.0396449693518066,0.0374008053327973
"54","Yallakool_example_2011-12-01.csv",54,20.5,1513.784151,0.0127258244095651,0.0414350161835342,0.0377393278781524
"55","Yallakool_example_2011-12-01.csv",55,20.56,1573.618494,0.0127440207093039,0.0430727906105543,0.0378966008130185
"56","Yallakool_example_2011-12-01.csv",56,20.67,1633.947336,0.0127774481945093,0.0447241003715612,0.0381866387455019
"57","Yallakool_example_2011-12-01.csv",57,20.7,1699.221165,0.0127865799889224,0.0465107633903209,0.0382661245379366
"58","Yallakool_example_2011-12-01.csv",58,20.77,1754.11052,0.0128079128974007,0.0480131845322164,0.0384522354001598
"59","Yallakool_example_2011-12-01.csv",59,20.83,1808.010879,0.0128262265731681,0.0494885350608819,0.0386124792691834
"60","Yallakool_example_2011-12-01.csv",60,20.9,1847.44715,0.0128476256273205,0.0505679772825644,0.0388002746599144
"61","Yallakool_example_2011-12-01.csv",61,20.93,1910.990234,0.0128568075761837,0.052307266673428,0.0388810377403883
"62","Yallakool_example_2011-12-01.csv",62,21.02,1952.4045,0.0128843928145007,0.053440850203686,0.0391243370361873
"63","Yallakool_example_2011-12-01.csv",63,21.08,2010.013599,0.0129028158467585,0.0550177156688231,0.039287381787017
"64","Yallakool_example_2011-12-01.csv",64,21.13,2026.579305,0.0129181884948446,0.0554711490699776,0.0394237713279263
"65","Yallakool_example_2011-12-01.csv",65,21.22,2061.688713,0.0129459054304946,0.0564321572082338,0.0396704667959298
"66","Yallakool_example_2011-12-01.csv",66,21.31,2097.539869,0.0129736818348946,0.0574134683337844,0.0399187059684518
"67","Yallakool_example_2011-12-01.csv",67,21.39,2136.358017,0.0129984219996648,0.0584759914085122,0.0401406667679044
"68","Yallakool_example_2011-12-01.csv",68,21.46,2193.596242,0.0130201083416829,0.0600427053800022,0.0403358946409278
"69","Yallakool_example_2011-12-01.csv",69,21.56,2160.835703,0.0130511516083981,0.0591459900439686,0.0406164398533688
"70","Yallakool_example_2011-12-01.csv",70,21.64,2169.365805,0.013076039504166,0.0593794743978533,0.0408422802768509
"71","Yallakool_example_2011-12-01.csv",71,21.74,2182.840895,0.0131072161250707,0.0597483120368627,0.0411263475151965
"72","Yallakool_example_2011-12-01.csv",72,21.84,2194.33799,0.0131384670790096,0.0600630083672965,0.0414123905050268
"73","Yallakool_example_2011-12-01.csv",73,21.94,2199.653851,0.0131697925432115,0.0602085131186965,0.0417004229881377
"74","Yallakool_example_2011-12-01.csv",74,22.1,2215.725059,0.0132200687108587,0.0606484112132359,0.0421654476812341
"75","Yallakool_example_2011-12-01.csv",75,22.14,2221.906292,0.0132326677134344,0.060817602764898,0.0422825118799343
"76","Yallakool_example_2011-12-01.csv",76,22.18,2210.656447,0.0132452787231237,0.0605096741151435,0.0423999010847087
"77","Yallakool_example_2011-12-01.csv",77,22.23,2200.271974,0.0132610593876725,0.0602254322656511,0.0425470960053296
"78","Yallakool_example_2011-12-01.csv",78,22.28,2193.225368,0.0132768588535903,0.060032553886355,0.0426948019258374
"79","Yallakool_example_2011-12-01.csv",79,22.37,2178.761281,0.0133053453432112,0.0596366456067439,0.0429619659689423
"80","Yallakool_example_2011-12-01.csv",80,22.39,2166.893312,0.0133116839698567,0.0593117977826629,0.0430215624218369
"81","Yallakool_example_2011-12-01.csv",81,22.42,2146.866114,0.0133211975722172,0.0587636170709724,0.0431111121463799
"82","Yallakool_example_2011-12-01.csv",82,22.52,2125.355421,0.0133529587126277,0.0581748304120652,0.0434109596202822
"83","Yallakool_example_2011-12-01.csv",83,22.63,2097.29262,0.01338798343834,0.0574067006804769,0.0437432011592401
"84","Yallakool_example_2011-12-01.csv",84,22.67,2063.790333,0.0134007424671705,0.0564896823571489,0.0438646456848858
"85","Yallakool_example_2011-12-01.csv",85,22.74,2029.299048,0.0134231000336849,0.0555455933658474,0.0440779854763621
"86","Yallakool_example_2011-12-01.csv",86,22.76,2001.607121,0.0134294947583121,0.0547876151279062,0.0441391300614827
"87","Yallakool_example_2011-12-01.csv",87,22.8,1946.346891,0.0134422933483006,0.0532750424649917,0.0442616738070403
"88","Yallakool_example_2011-12-01.csv",88,22.81,1913.586352,0.0134454949011758,0.0523783271289581,0.0442923628657926
"89","Yallakool_example_2011-12-01.csv",89,22.8,1895.042651,0.0134422933483006,0.0518707524192282,0.0442616738070403
"90","Yallakool_example_2011-12-01.csv",90,22.81,1883.051057,0.0134454949011758,0.0515425207548075,0.0442923628657926
"91","Yallakool_example_2011-12-01.csv",91,22.86,1840.276919,0.0134615141068991,0.0503717150629287,0.0444461276310245
"92","Yallakool_example_2011-12-01.csv",92,22.85,1773.766844,0.0134583087396359,0.0485512137502597,0.0444153320325526
"93","Yallakool_example_2011-12-01.csv",93,22.84,1764.742243,0.0134551041356137,0.0483041940623881,0.0443845577715726
"94","Yallakool_example_2011-12-01.csv",94,22.88,1862.77661,0.0134679271318756,0.0509875723898096,0.0445077828996318
"95","Yallakool_example_2011-12-01.csv",95,22.81,1619.359624,0.0134454949011758,0.0443248082516104,0.0442923628657926
"96","Yallakool_example_2011-12-01.csv",96,22.85,1199.035728,0.0134583087396359,0.0328197813152528,0.0444153320325526
"97","Yallakool_example_2011-12-01.csv",97,22.84,1578.439857,0.0134551041356137,0.0432047600553392,0.0443845577715726
"98","Yallakool_example_2011-12-01.csv",98,22.76,1197.675856,0.0134294947583121,0.032782559153632,0.0441391300614827
"99","Yallakool_example_2011-12-01.csv",99,22.68,907.5287427,0.0134039341238666,0.0248407067255634,0.0438950594621516
"100","Yallakool_example_2011-12-01.csv",100,22.6,1162.07195,0.0133784221395041,0.0318080157087608,0.0436523384693346
"101","Yallakool_example_2011-12-01.csv",101,22.51,1254.914081,0.0133497791938615,0.034349273125122,0.0433808812635614
"102","Yallakool_example_2011-12-01.csv",102,22.46,1096.798121,0.0133338929527174,0.0300213526900011,0.0432308017993072
"103","Yallakool_example_2011-12-01.csv",103,22.44,819.5079738,0.0133275437508171,0.0224314187293525,0.0431709154935108
"104","Yallakool_example_2011-12-01.csv",104,22.36,990.2336506,0.0133021771618276,0.0271044899703743,0.0429321987085743
"105","Yallakool_example_2011-12-01.csv",105,22.27,614.2910125,0.0132736974552224,0.0168142585107149,0.0426652197766824
"106","Yallakool_example_2011-12-01.csv",106,22.22,851.2795154,0.0132579017513695,0.0233010634138355,0.0425176161978737
"107","Yallakool_example_2011-12-01.csv",107,22.16,770.4289776,0.0132389717166749,0.0210880376399975,0.0423411658002261
"108","Yallakool_example_2011-12-01.csv",108,22.14,675.6088515,0.0132326677134344,0.0184926389123237,0.0422825118799343
"109","Yallakool_example_2011-12-01.csv",109,22.09,548.8935592,0.0132169208349863,0.0150242116707758,0.0421362323082559
"110","Yallakool_example_2011-12-01.csv",110,22.05,534.5530968,0.0132043368252273,0.0146316872205556,0.0420195731020711
"111","Yallakool_example_2011-12-01.csv",111,21.95,417.4805291,0.0131729291945321,0.0114271988302571,0.0417293361904865
"112","Yallakool_example_2011-12-01.csv",112,21.89,217.8266782,0.0131541204862344,0.0059623110272757,0.0415561571973342
"113","Yallakool_example_2011-12-01.csv",113,21.84,81.22141179,0.0131384670790096,0.00222317726721142,0.0414123905050268
"114","Yallakool_example_2011-12-01.csv",114,21.85,61.81233774,0.01314159626954,0.0016919157284789,0.0414411039985749
"115","Yallakool_example_2011-12-01.csv",115,21.78,50.31524292,0.0131197075767668,0.00137721940297197,0.0412405268535431
"116","Yallakool_example_2011-12-01.csv",116,21.76,35.85115589,0.0131134603635505,0.00098131112253966,0.0411833976146773
"117","Yallakool_example_2011-12-01.csv",117,21.77,21.01619483,0.013116583598228,0.000575251347639032,0.0412119523348293
"118","Yallakool_example_2011-12-01.csv",118,21.72,8.900976635,0.0131009748599109,0.000243635864913005,0.0410693764454713
"119","Yallakool_example_2011-12-01.csv",119,21.7,2.596118185,0.0130947365666554,7.10604605939241e-05,0.0410124842960243
"120","Yallakool_example_2011-12-01.csv",120,21.68,0.370874026,0.0130885012438889,1.01514943588298e-05,0.0409556709575297
"121","Yallakool_example_2011-12-01.csv",121,21.62,0,0.0130698130843827,0,0.0407857027167716
"122","Yallakool_example_2011-12-01.csv",122,21.6,0,0.0130635896294347,0,0.0407292035318535
"123","Yallakool_example_2011-12-01.csv",123,21.56,0,0.0130511516083981,0,0.0406164398533688
"124","Yallakool_example_2011-12-01.csv",124,21.54,0,0.0130449370394881,0,0.0405601751431117
"125","Yallakool_example_2011-12-01.csv",125,21.49,0,0.0130294135605968,0,0.0404198541266124
"126","Yallakool_example_2011-12-01.csv",126,21.44,0,0.01301390855465,0,0.0402800185613619
"127","Yallakool_example_2011-12-01.csv",127,21.45,0,0.0130170080790594,0,0.0403079469190097
"128","Yallakool_example_2011-12-01.csv",128,21.39,0,0.0129984219996648,0,0.0401406667679044
"129","Yallakool_example_2011-12-01.csv",129,21.36,0,0.0129891389140002,0,0.0400572872058131
"130","Yallakool_example_2011-12-01.csv",130,21.32,0,0.0129767717785005,0,0.0399463838081585
"131","Yallakool_example_2011-12-01.csv",131,21.32,0,0.0129767717785005,0,0.0399463838081585
"132","Yallakool_example_2011-12-01.csv",132,21.34,0,0.0129829538736845,0,0.0400017970725947
"133","Yallakool_example_2011-12-01.csv",133,21.28,0,0.0129644164179185,0,0.0398357874598443
"134","Yallakool_example_2011-12-01.csv",134,21.27,0,0.0129613294162898,0,0.039808186249552
"135","Yallakool_example_2011-12-01.csv",135,21.26,0,0.0129582431497177,0,0.0397806041634407
"136","Yallakool_example_2011-12-01.csv",136,21.25,0,0.012955157618027,0,0.0397530411882597
"137","Yallakool_example_2011-12-01.csv",137,21.21,0,0.0129428228365806,0,0.0396429801321471
"138","Yallakool_example_2011-12-01.csv",138,21.17,0,0.012930499799247,0,0.0395332237932513
"139","Yallakool_example_2011-12-01.csv",139,21.16,0,0.0129274208736207,0,0.0395058322216763
"140","Yallakool_example_2011-12-01.csv",140,21.14,0,0.012921265221594,0,0.0394511060021593
"141","Yallakool_example_2011-12-01.csv",141,21.11,0,0.0129120372390012,0,0.0393691587848523
"142","Yallakool_example_2011-12-01.csv",142,21.09,0,0.0129058889122022,0,0.0393146218948616
"143","Yallakool_example_2011-12-01.csv",143,21.06,0,0.0128966719109114,0,0.0392329581801971
"144","Yallakool_example_2011-12-01.csv",144,21.03,0,0.0128874614921282,0,0.039151464096117
"145","Yallakool_example_2011-12-02.csv",1,21,0,0.00920329079721136,0,0.0380269179447704
"146","Yallakool_example_2011-12-02.csv",2,20.99,0,0.00920109937009545,0,0.0380005700544464
"147","Yallakool_example_2011-12-02.csv",3,20.95,0,0.0091923388784717,0,0.0378953609245771
"148","Yallakool_example_2011-12-02.csv",4,20.92,0,0.00918577398395842,0,0.0378166452764925
"149","Yallakool_example_2011-12-02.csv",5,20.9,0,0.00918139999251854,0,0.0377642590359195
"150","Yallakool_example_2011-12-02.csv",6,20.88,0,0.00917702808384286,0,0.0377119453644013
"151","Yallakool_example_2011-12-02.csv",7,20.84,0,0.00916829051081754,0,0.0376075353265577
"152","Yallakool_example_2011-12-02.csv",8,20.81,0,0.00916174279093184,0,0.0375294175452813
"153","Yallakool_example_2011-12-02.csv",9,20.76,0,0.0091508403143318,0,0.0373995816656284
"154","Yallakool_example_2011-12-02.csv",10,20.71,0,0.00913995081168211,0,0.0372701949630944
"155","Yallakool_example_2011-12-02.csv",11,20.68,0,0.00913342333116506,0,0.0371927778999188
"156","Yallakool_example_2011-12-02.csv",12,20.66,0,0.00912907426754375,0,0.0371412558837168
"157","Yallakool_example_2011-12-02.csv",13,20.6,0,0.00911603949810172,0,0.0369871176709977
"158","Yallakool_example_2011-12-02.csv",14,20.56,0,0.00910735999313686,0,0.0368847144054424
"159","Yallakool_example_2011-12-02.csv",15,20.54,0,0.00910302334009931,0,0.0368336191401649
"160","Yallakool_example_2011-12-02.csv",16,20.49,0,0.00909219073966293,0,0.0367061904281128
"161","Yallakool_example_2011-12-02.csv",17,20.46,0,0.00908569736796617,0,0.0366299449062924
"162","Yallakool_example_2011-12-02.csv",18,20.41,0,0.00907488538544169,0,0.0365032208207718
"163","Yallakool_example_2011-12-02.csv",19,20.36,0,0.00906408626917959,0,0.0363769351468812
"164","Yallakool_example_2011-12-02.csv",20,20.34,0,0.00905977022179796,0,0.0363265432926599
"165","Yallakool_example_2011-12-02.csv",21,20.29,0,0.00904898909258501,0,0.0362008688481403
"166","Yallakool_example_2011-12-02.csv",22,20.26,0,0.00904252657421726,0,0.0361256729723633
"167","Yallakool_example_2011-12-02.csv",23,20.21,0,0.00903176596494997,0,0.0360006934540225
"168","Yallakool_example_2011-12-02.csv",24,20.18,0,0.00902531574682677,0,0.0359259133794279
"169","Yallakool_example_2011-12-02.csv",25,20.13,0,0.00901457561844911,0,0.0358016249446201
"170","Yallakool_example_2011-12-02.csv",26,20.08,0,0.00900384827082736,0,0.0356777664951231
"171","Yallakool_example_2011-12-02.csv",27,20.04,0,0.00899527558465308,0,0.0355789883251311
"172","Yallakool_example_2011-12-02.csv",28,20,0,0.0089867110606497,0,0.0354804836343343
"173","Yallakool_example_2011-12-02.csv",29,19.98,0.123624675,0.00898243185703326,4.2379689213955e-06,0.0354313336069396
"174","Yallakool_example_2011-12-02.csv",30,19.9,1.483496106,0.00896533540915784,5.08556272624316e-05,0.0352354134151166
"175","Yallakool_example_2011-12-02.csv",31,19.89,6.30485845,0.00896320064241497,0.000216136415848194,0.0352109996877267
"176","Yallakool_example_2011-12-02.csv",32,19.84,16.81295587,0.00895253443102972,0.000576363775709454,0.0350891845513101
"177","Yallakool_example_2011-12-02.csv",33,19.78,32.51328965,0.00893975173052688,0.00111458583061213,0.0349435625451658
"178","Yallakool_example_2011-12-02.csv",34,19.72,57.36184943,0.00892698728155195,0.00196641758741213,0.0347985448781916
"179","Yallakool_example_2011-12-02.csv",35,19.81,100.7541105,0.0089461407977071,0.00345394468379268,0.0350162978486814
"180","Yallakool_example_2011-12-02.csv",36,19.81,161.0829522,0.0089461407977071,0.00552207352771797,0.0350162978486814
"181","Yallakool_example_2011-12-02.csv",37,19.78,242.0571146,0.00893975173052688,0.00829794318065928,0.0349435625451658
"182","Yallakool_example_2011-12-02.csv",38,19.76,338.6079862,0.00893549488754204,0.0116077969228386,0.0348951562981129
"183","Yallakool_example_2011-12-02.csv",39,19.75,420.6947707,0.00893336722622805,0.0144218082969295,0.0348709783262794
"184","Yallakool_example_2011-12-02.csv",40,19.71,493.0152058,0.00892486164601319,0.016901020123659,0.0347744338459692
"185","Yallakool_example_2011-12-02.csv",41,19.71,565.4592657,0.00892486164601319,0.0193844699235951,0.0347744338459692
"186","Yallakool_example_2011-12-02.csv",42,19.7,641.3648164,0.00892273651661679,0.0219865828499022,0.0347503395196716
"187","Yallakool_example_2011-12-02.csv",43,19.69,722.2153542,0.00892061189324223,0.0247582145364932,0.0347262618877237
"188","Yallakool_example_2011-12-02.csv",44,19.65,810.4833725,0.00891211845755307,0.0277841243583679,0.0346301180722077
"189","Yallakool_example_2011-12-02.csv",45,19.61,889.6031648,0.00890363310857933,0.0304964244783453,0.0345342404423609
"190","Yallakool_example_2011-12-02.csv",46,19.6,964.6433428,0.00890151303398274,0.0330688716230596,0.0345103125400018
"191","Yallakool_example_2011-12-02.csv",47,19.57,1035.851156,0.00889515583862155,0.0355099417354958,0.0344386282612165
"192","Yallakool_example_2011-12-02.csv",48,19.61,1103.226604,0.00890363310857933,0.0378196348019415,0.0345342404423609
"193","Yallakool_example_2011-12-02.csv",49,19.66,1172.827296,0.00891424105804487,0.0402056113038301,0.0346541290423475
"194","Yallakool_example_2011-12-02.csv",50,19.7,1240.944493,0.00892273651661679,0.042540732216371,0.0347503395196716
"195","Yallakool_example_2011-12-02.csv",51,19.74,1311.163308,0.00893124007153879,0.0449478985500113,0.0348468171067515
"196","Yallakool_example_2011-12-02.csv",52,19.83,1378.662381,0.00895040271237163,0.0472618295965197,0.035064872142204
"197","Yallakool_example_2011-12-02.csv",53,19.92,1442.823588,0.00896960646807774,0.0494613354898636,0.0352842916637828
"198","Yallakool_example_2011-12-02.csv",54,20.02,1506.861169,0.00899099230286591,0.0516566033688638,0.035529701842205
"199","Yallakool_example_2011-12-02.csv",55,20.11,1566.695512,0.00901028314656181,0.0537077803371035,0.0357520300500033
"200","Yallakool_example_2011-12-02.csv",56,20.17,1623.439238,0.00902316669796012,0.0556530080780232,0.0359010212220649
"201","Yallakool_example_2011-12-02.csv",57,20.22,1684.757078,0.00903391706190524,0.0577550407041725,0.0360256547196392
"202","Yallakool_example_2011-12-02.csv",58,20.27,1738.410187,0.00904468023402833,0.0595943192177722,0.0361507208931706
"203","Yallakool_example_2011-12-02.csv",59,20.33,1788.72543,0.00905761296885818,0.0613191725782075,0.0363013735489559
"204","Yallakool_example_2011-12-02.csv",60,20.4,1836.939053,0.00907272453337849,0.0629719804489815,0.036477928661674
"205","Yallakool_example_2011-12-02.csv",61,20.51,1876.746199,0.0090965222320821,0.0643366064639534,0.0367571089254267
"206","Yallakool_example_2011-12-02.csv",62,20.57,1923.970825,0.00910952909433233,0.0659555105970687,0.036910288611524
"207","Yallakool_example_2011-12-02.csv",63,20.64,1963.407096,0.00912472727481674,0.0673074226718525,0.0370898052393859
"208","Yallakool_example_2011-12-02.csv",64,20.73,1998.392879,0.00914430505685645,0.0685067678757504,0.037321895842428
"209","Yallakool_example_2011-12-02.csv",65,20.8,2037.087403,0.00915956125695411,0.0698332521730009,0.0375034143604099
"210","Yallakool_example_2011-12-02.csv",66,20.89,2067.869947,0.00917921377789717,0.0708885064318573,0.0377380931353148
"211","Yallakool_example_2011-12-02.csv",67,20.99,2086.537273,0.00920109937009545,0.0715284397415591,0.0380005700544464
"212","Yallakool_example_2011-12-02.csv",68,21.07,2114.352825,0.00921864540809608,0.0724819827531582,0.0382118654034391
"213","Yallakool_example_2011-12-02.csv",69,21.16,2134.998146,0.0092384246984864,0.0731897235724585,0.03845097733265
"214","Yallakool_example_2011-12-02.csv",70,21.26,2138.706886,0.0092604514646559,0.0733168626315301,0.0387184125215898
"215","Yallakool_example_2011-12-02.csv",71,21.36,2161.330202,0.00928253074826681,0.0740924109604289,0.0389877077823729
"216","Yallakool_example_2011-12-02.csv",72,21.43,2171.096551,0.00929801756171275,0.0744272104940779,0.0391773281319406
"217","Yallakool_example_2011-12-02.csv",73,21.53,2176.041538,0.00932018641250235,0.0745967292509337,0.0394498152539318
"218","Yallakool_example_2011-12-02.csv",74,21.65,2180.8629,0.00934685881472846,0.0747620100277268,0.0397793026348014
"219","Yallakool_example_2011-12-02.csv",75,21.75,2173.074546,0.00936914411555091,0.0744950180036764,0.0400559766247496
"220","Yallakool_example_2011-12-02.csv",76,21.84,2186.302386,0.00938924631212824,0.0749484806705525,0.0403066281369447
"221","Yallakool_example_2011-12-02.csv",77,22,2171.3438,0.00942509010542415,0.0744356864199223,0.0407561098456666
"222","Yallakool_example_2011-12-02.csv",78,22.09,2166.769687,0.00944531233828999,0.0742788815689737,0.0410111424631386
"223","Yallakool_example_2011-12-02.csv",79,22.23,2147.731487,0.00947685542018372,0.0736262343533647,0.0414110355881421
"224","Yallakool_example_2011-12-02.csv",80,22.29,2135.12177,0.00949040611020247,0.0731939615182403,0.0415836098089608
"225","Yallakool_example_2011-12-02.csv",81,22.38,2119.297812,0.00951076848342174,0.072651501510014,0.0418438205330381
"226","Yallakool_example_2011-12-02.csv",82,22.54,2107.182594,0.00954707619207826,0.0722361805608594,0.0423104443321993
"227","Yallakool_example_2011-12-02.csv",83,22.63,2083.446656,0.00956756015517937,0.0714224905142391,0.0425752032457783
"228","Yallakool_example_2011-12-02.csv",84,22.73,2044.257634,0.00959037166441701,0.0700790543652997,0.0428713233528352
"229","Yallakool_example_2011-12-02.csv",85,22.84,2006.428483,0.00961552714825053,0.0687822358599262,0.0431994348383332
"230","Yallakool_example_2011-12-02.csv",86,22.96,1986.277661,0.00964304475319566,0.0680914469265958,0.04356023928186
"231","Yallakool_example_2011-12-02.csv",87,23.08,1940.907405,0.00967064110770596,0.0665361123230164,0.0439240571871822
"232","Yallakool_example_2011-12-02.csv",88,23.17,1907.652367,0.0096913901885375,0.0653960986685916,0.0441989133330916
"233","Yallakool_example_2011-12-02.csv",89,23.21,1857.460749,0.00970062628651993,0.0636754832882191,0.0443216230553237
"234","Yallakool_example_2011-12-02.csv",90,23.3,1820.126097,0.00972143970278611,0.0623956166688155,0.044598966981945
"235","Yallakool_example_2011-12-02.csv",91,23.38,1767.338361,0.00973997800387221,0.0605860039470928,0.0448469515326942
"236","Yallakool_example_2011-12-02.csv",92,23.43,1716.652244,0.00975158238976732,0.0588484366807504,0.0450026416004082
"237","Yallakool_example_2011-12-02.csv",93,23.47,1667.696872,0.00976087585217915,0.0571702009638812,0.045127582718505
"238","Yallakool_example_2011-12-02.csv",94,23.52,1602.175794,0.00977250513614858,0.0549240774269713,0.0452842470216314
"239","Yallakool_example_2011-12-02.csv",95,23.55,1544.566696,0.00977948935603701,0.0529491839284555,0.045378506542175
"240","Yallakool_example_2011-12-02.csv",96,23.6,1485.968599,0.00979114081647147,0.0509403866237191,0.045536041949039
"241","Yallakool_example_2011-12-02.csv",97,23.6,1418.222277,0.00979114081647147,0.0486179796513662,0.045536041949039
"242","Yallakool_example_2011-12-02.csv",98,23.65,1359.87143,0.00980280615866655,0.0466176583067552,0.0456941242536814
"243","Yallakool_example_2011-12-02.csv",99,23.66,1295.957473,0.00980514089437193,0.0444266283735367,0.0457258065093045
"244","Yallakool_example_2011-12-02.csv",100,23.66,1228.211151,0.00980514089437193,0.0421042214011839,0.0457258065093045
"245","Yallakool_example_2011-12-02.csv",101,23.65,1159.228582,0.00980280615866655,0.0397394347310468,0.0456941242536814
"246","Yallakool_example_2011-12-02.csv",102,23.63,1086.908147,0.00979813835491919,0.0372602229077454,0.0456308255827278
"247","Yallakool_example_2011-12-02.csv",103,23.6,1017.307455,0.00979114081647147,0.0348742464058567,0.045536041949039
"248","Yallakool_example_2011-12-02.csv",104,23.58,945.3578934,0.00978647856741193,0.0324077484678938,0.0454729622646608
"249","Yallakool_example_2011-12-02.csv",105,23.49,874.3973297,0.00976552590418189,0.0299751542984426,0.0451901832954822
"250","Yallakool_example_2011-12-02.csv",106,23.48,797.9972803,0.00976320060133761,0.0273560894964499,0.0451588721596463
"251","Yallakool_example_2011-12-02.csv",107,23.46,725.8004698,0.00975855165657469,0.0248811156360707,0.0450963149570266
"252","Yallakool_example_2011-12-02.csv",108,23.44,650.1421684,0.00975390492550054,0.0222874786458923,0.0450338444129839
"253","Yallakool_example_2011-12-02.csv",109,23.4,573.9893683,0.00974461810020264,0.0196768897800284,0.0449091628206138
"254","Yallakool_example_2011-12-02.csv",110,23.37,495.7349487,0.00973765878432603,0.0169942554416438,0.0448158782134716
"255","Yallakool_example_2011-12-02.csv",111,23.31,387.5633576,0.00972375505943138,0.0132860326191393,0.0446298899046517
"256","Yallakool_example_2011-12-02.csv",112,23.27,220.4227964,0.00971449694023028,0.007556298616844,0.0445063267087233
"257","Yallakool_example_2011-12-02.csv",113,23.23,87.52627024,0.00970524763581015,0.00300048200800353,0.0443831056123031
"258","Yallakool_example_2011-12-02.csv",114,23.18,75.1638027,0.00969369838828579,0.00257668511449275,0.0442295588765471
"259","Yallakool_example_2011-12-02.csv",115,23.14,56.9909754,0.00968446888644933,0.00195370368047654,0.0441071040450213
"260","Yallakool_example_2011-12-02.csv",116,23.12,40.67251823,0.00967985743137945,0.00139429178045266,0.0440460038245606
"261","Yallakool_example_2011-12-02.csv",117,23.09,23.85956237,0.00967294436564278,0.000817928005086021,0.0439545121577181
"262","Yallakool_example_2011-12-02.csv",118,23.07,10.26084807,0.00966833839820579,0.000351751422018469,0.0438936233181257
"263","Yallakool_example_2011-12-02.csv",119,23.05,2.966992212,0.00966373462399303,0.000101711254524863,0.0438328188259781
"264","Yallakool_example_2011-12-02.csv",120,23.03,0.370874026,0.00965913304196017,1.27139067984674e-05,0.0437720985644314
"265","Yallakool_example_2011-12-02.csv",121,23,0.123624675,0.00965223477696487,4.2379689213955e-06,0.0436811758492901
"266","Yallakool_example_2011-12-02.csv",122,22.96,0,0.00964304475319566,0,0.04356023928186
"267","Yallakool_example_2011-12-02.csv",123,22.93,0,0.0096361579779768,0,0.0434697566374905
"268","Yallakool_example_2011-12-02.csv",124,22.89,0,0.00962698326114616,0,0.0433494054094719
"269","Yallakool_example_2011-12-02.csv",125,22.88,0,0.00962469094716546,0,0.043319369702108
"270","Yallakool_example_2011-12-02.csv",126,22.84,0,0.00961552714825053,0,0.0431994348383332
"271","Yallakool_example_2011-12-02.csv",127,22.81,0,0.00960866002528515,0,0.0431097016512828
"272","Yallakool_example_2011-12-02.csv",128,22.79,0,0.0096040846681326,0,0.0430499831018128
"273","Yallakool_example_2011-12-02.csv",129,22.76,0,0.00959722571704556,0,0.0429605603535604
"274","Yallakool_example_2011-12-02.csv",130,22.74,0,0.00959265580456936,0,0.0429010484049628
"275","Yallakool_example_2011-12-02.csv",131,22.73,0,0.00959037166441701,0,0.0428713233528352
"276","Yallakool_example_2011-12-02.csv",132,22.7,0,0.0095835225067486,0,0.0427822717138053
"277","Yallakool_example_2011-12-02.csv",133,22.66,0,0.00957439790486469,0,0.0426638238701442
"278","Yallakool_example_2011-12-02.csv",134,22.62,0,0.00956528199063811,0,0.0425457039635259
"279","Yallakool_example_2011-12-02.csv",135,22.57,0,0.00955389930227243,0,0.0423985138587797
"280","Yallakool_example_2011-12-02.csv",136,22.55,0,0.00954935002054195,0,0.0423397804959787
"281","Yallakool_example_2011-12-02.csv",137,22.5,0,0.00953798629122534,0,0.0421933027991593
"282","Yallakool_example_2011-12-02.csv",138,22.48,0,0.00953344458679583,0,0.0421348537089546
"283","Yallakool_example_2011-12-02.csv",139,22.44,0,0.00952436766477936,0,0.0420181983195871
"284","Yallakool_example_2011-12-02.csv",140,22.42,0,0.00951983244513334,0,0.0419599917962555
"285","Yallakool_example_2011-12-02.csv",141,22.38,0,0.00951076848342174,0,0.0418438205330381
"286","Yallakool_example_2011-12-02.csv",142,22.36,0,0.00950623973930004,0,0.0417858555699138
"287","Yallakool_example_2011-12-02.csv",143,22.34,0,0.00950171315163115,0,0.0417279709038778
"288","Yallakool_example_2011-12-02.csv",144,22.31,0,0.00949492731123072,0,0.041641294218584
"289","Yallakool_example_2011-12-03.csv",1,22.29,0,0.00264140894016855,0,0.0309610347476456
"290","Yallakool_example_2011-12-03.csv",2,22.24,0,0.00263826566275742,0,0.0308539226887768
"291","Yallakool_example_2011-12-03.csv",3,22.21,0,0.00263638149203623,0,0.0307898334055203
"292","Yallakool_example_2011-12-03.csv",4,22.19,0,0.00263512612584733,0,0.0307471811922373
"293","Yallakool_example_2011-12-03.csv",5,22.15,0,0.00263261718648862,0,0.0306620539382373
"294","Yallakool_example_2011-12-03.csv",6,22.11,0,0.00263011063592513,0,0.0305771623692365
"295","Yallakool_example_2011-12-03.csv",7,22.09,0,0.00262885825573077,0,0.030534804762627
"296","Yallakool_example_2011-12-03.csv",8,22.06,0,0.00262698080349936,0,0.030471378346111
"297","Yallakool_example_2011-12-03.csv",9,22.03,0,0.00262510469208839,0,0.0304080836779504
"298","Yallakool_example_2011-12-03.csv",10,22.01,0,0.00262385469557508,0,0.0303659602908739
"299","Yallakool_example_2011-12-03.csv",11,21.95,0,0.00262010827616783,0,0.0302399399198507
"300","Yallakool_example_2011-12-03.csv",12,21.92,0,0.00261823707291109,0,0.0301771259919515
"301","Yallakool_example_2011-12-03.csv",13,21.9,0,0.00261699034655309,0,0.0301353225434844
"302","Yallakool_example_2011-12-03.csv",14,21.87,0,0.00261512137002877,0,0.030072725925155
"303","Yallakool_example_2011-12-03.csv",15,21.82,0,0.0026120093748338,0,0.0299686870383447
"304","Yallakool_example_2011-12-03.csv",16,21.79,0,0.00261014395557106,0,0.0299064365526675
"305","Yallakool_example_2011-12-03.csv",17,21.72,0,0.00260579648986252,0,0.0297616878108865
"306","Yallakool_example_2011-12-03.csv",18,21.69,0,0.0026039355076571,0,0.029699867300751
"307","Yallakool_example_2011-12-03.csv",19,21.66,0,0.00260207585450972,0,0.0296381752032074
"308","Yallakool_example_2011-12-03.csv",20,21.63,0,0.0026002175294712,0,0.0295766112515193
"309","Yallakool_example_2011-12-03.csv",21,21.58,0,0.00259712326985084,0,0.0294742887112251
"310","Yallakool_example_2011-12-03.csv",22,21.53,0,0.00259403269240034,0,0.0293723201635559
"311","Yallakool_example_2011-12-03.csv",23,21.49,0,0.0025915628786575,0,0.0292909993769935
"312","Yallakool_example_2011-12-03.csv",24,21.44,0,0.00258847891807414,0,0.0291896649327422
"313","Yallakool_example_2011-12-03.csv",25,21.41,0,0.00258663030356246,0,0.0291290326195383
"314","Yallakool_example_2011-12-03.csv",26,21.36,0,0.00258355221274491,0,0.029028258511626
"315","Yallakool_example_2011-12-03.csv",27,21.31,0,0.00258047778485633,0,0.0289278330394187
"316","Yallakool_example_2011-12-03.csv",28,21.27,0,0.00257802087692498,0,0.0288477428686997
"317","Yallakool_example_2011-12-03.csv",29,21.24,0.123624675,0.00257617973123466,3.9808019898453e-06,0.028787820790633
"318","Yallakool_example_2011-12-03.csv",30,21.21,1.483496106,0.00257433990043573,4.77696240713478e-05,0.028728023181765
"319","Yallakool_example_2011-12-03.csv",31,21.19,5.933984423,0.00257311407660124,0.000191078496253191,0.0286882271310424
"320","Yallakool_example_2011-12-03.csv",32,21.14,16.31845716,0.00257005207009772,0.000525465864591622,0.0285889780233058
"321","Yallakool_example_2011-12-03.csv",33,21.11,31.89516628,0.00256821661549178,0.00102704691756618,0.0285295934475088
"322","Yallakool_example_2011-12-03.csv",34,21.08,56.4964767,0.00256638247171283,0.00181922651660446,0.0284703322244192
"323","Yallakool_example_2011-12-03.csv",35,21.04,97.16899493,0.00256393898412048,0.00312891037625467,0.0283915086995056
"324","Yallakool_example_2011-12-03.csv",36,21.02,151.4402275,0.00256271811289194,0.00487648245768593,0.0283521788119894
"325","Yallakool_example_2011-12-03.csv",37,20.99,224.8732847,0.0025608878959797,0.00724107884770422,0.0282932861117922
"326","Yallakool_example_2011-12-03.csv",38,20.97,315.3665472,0.00255966847758828,0.0101550259171513,0.0282540922890188
"327","Yallakool_example_2011-12-03.csv",39,20.97,403.0164421,0.00255966847758828,0.0129774145384168,0.0282540922890188
"328","Yallakool_example_2011-12-03.csv",40,20.97,485.5977253,0.00255966847758828,0.0156365902772937,0.0282540922890188
"329","Yallakool_example_2011-12-03.csv",41,20.98,574.2366176,0.00256027811418537,0.018490825314478,0.0282736824089504
"330","Yallakool_example_2011-12-03.csv",42,20.97,652.3674125,0.00255966847758828,0.0210066921817204,0.0282540922890188
"331","Yallakool_example_2011-12-03.csv",43,20.99,725.9240944,0.0025608878959797,0.0233752693745336,0.0282932861117922
"332","Yallakool_example_2011-12-03.csv",44,20.98,799.9752751,0.00256027811418537,0.0257597697785262,0.0282736824089504
"333","Yallakool_example_2011-12-03.csv",45,20.96,871.1830881,0.00255905898615384,0.0280527117311172,0.0282345157425862
"334","Yallakool_example_2011-12-03.csv",46,20.94,942.2672765,0.0025578404386347,0.0303416728841334,0.0281954033326054
"335","Yallakool_example_2011-12-03.csv",47,20.96,1014.216838,0.00255905898615384,0.0326584996631539,0.0282345157425862
"336","Yallakool_example_2011-12-03.csv",48,21.01,1081.345036,0.00256210789529839,0.0348200751267345,0.0283325343038842
"337","Yallakool_example_2011-12-03.csv",49,21.08,1146.247991,0.00256638247171283,0.0369099961915287,0.0284703322244192
"338","Yallakool_example_2011-12-03.csv",50,21.1,1214.241563,0.00256760508863093,0.0390994373100942,0.0285098260132867
"339","Yallakool_example_2011-12-03.csv",51,21.14,1281.740635,0.00257005207009772,0.0412729551788393,0.0285889780233058
"340","Yallakool_example_2011-12-03.csv",52,21.22,1345.160094,0.00257495303132765,0.0433151066229755,0.0287479419041141
"341","Yallakool_example_2011-12-03.csv",53,21.27,1401.532946,0.00257802087692498,0.045130352336785,0.0288477428686997
"342","Yallakool_example_2011-12-03.csv",54,21.34,1458.029423,0.00258232200228221,0.0469495788630497,0.0289880465540955
"343","Yallakool_example_2011-12-03.csv",55,21.4,1515.762146,0.00258601439215523,0.0488086133850623,0.0291088498490646
"344","Yallakool_example_2011-12-03.csv",56,21.46,1568.673507,0.00258971206167307,0.0505123966399362,0.0292301565734747
"345","Yallakool_example_2011-12-03.csv",57,21.51,1620.966745,0.002592797491446,0.0521962758969361,0.0293316315879558
"346","Yallakool_example_2011-12-03.csv",58,21.58,1674.372605,0.00259712326985084,0.0539159823694295,0.0294742887112251
"347","Yallakool_example_2011-12-03.csv",59,21.64,1735.937693,0.00260083682364162,0.0558984217555424,0.0295971183467627
"348","Yallakool_example_2011-12-03.csv",60,21.7,1789.219928,0.0026045556873389,0.0576141474155807,0.0297204598562089
"349","Yallakool_example_2011-12-03.csv",61,21.79,1833.848436,0.00261014395557106,0.0590512169443801,0.0299064365526675
"350","Yallakool_example_2011-12-03.csv",62,21.86,1875.757201,0.00261449867451606,0.0604007088245728,0.0300518892934414
"351","Yallakool_example_2011-12-03.csv",63,21.95,1906.786995,0.00262010827616783,0.0613998901425394,0.0302399399198507
"352","Yallakool_example_2011-12-03.csv",64,22.03,1946.223266,0.00262510469208839,0.0626697659668348,0.0304080836779504
"353","Yallakool_example_2011-12-03.csv",65,22.1,1983.681543,0.00262948437126694,0.0638759489850533,0.0305559762262603
"354","Yallakool_example_2011-12-03.csv",66,22.18,1968.722957,0.00263449866693363,0.0633942719338168,0.0307258772475157
"355","Yallakool_example_2011-12-03.csv",67,22.24,2033.378662,0.00263826566275742,0.0654762313737008,0.0308539226887768
"356","Yallakool_example_2011-12-03.csv",68,22.29,2063.913957,0.00264140894016855,0.0664594894740478,0.0309610347476456
"357","Yallakool_example_2011-12-03.csv",69,22.4,2056.990975,0.00264833733900617,0.0662365645561763,0.0311979920027319
"358","Yallakool_example_2011-12-03.csv",70,22.47,2096.427247,0.00265275577913025,0.0675064404126725,0.0313497263437809
"359","Yallakool_example_2011-12-03.csv",71,22.57,2114.723699,0.0026590806270517,0.0680955991103896,0.031567770736136
"360","Yallakool_example_2011-12-03.csv",72,22.64,2119.421437,0.00266351699109138,0.068246869597274,0.0317213035305099
"361","Yallakool_example_2011-12-03.csv",73,22.78,2134.627272,0.00267241193617803,0.06873650824122,0.0320306129141585
"362","Yallakool_example_2011-12-03.csv",74,22.87,2172.332798,0.00267814579504647,0.0699506528521479,0.0322310454648034
"363","Yallakool_example_2011-12-03.csv",75,23,2166.522438,0.00268644976162531,0.0697635551497699,0.0325227754276508
"364","Yallakool_example_2011-12-03.csv",76,23.1,2186.055137,0.00269285494461447,0.0703925218754357,0.032748978640019
"365","Yallakool_example_2011-12-03.csv",77,23.17,2258.004698,0.00269734765714031,0.0727093486383558,0.032908256349095
"366","Yallakool_example_2011-12-03.csv",78,23.3,2330.943256,0.00270571116178514,0.0750580218043144,0.0332061158899088
"367","Yallakool_example_2011-12-03.csv",79,23.34,2211.769069,0.00270828976123436,0.0712205286764433,0.0332983062391726
"368","Yallakool_example_2011-12-03.csv",80,23.39,1922.363704,0.00271151646662247,0.0619014711916499,0.0334139041867691
"369","Yallakool_example_2011-12-03.csv",81,23.45,2161.082952,0.00271539358803995,0.0695883998525565,0.0335531515733085
"370","Yallakool_example_2011-12-03.csv",82,23.56,2151.440227,0.00272251604813803,0.0692778972860784,0.0338099473413153
"371","Yallakool_example_2011-12-03.csv",83,23.66,2104.586475,0.00272900722237414,0.0677691733262919,0.034045103123626
"372","Yallakool_example_2011-12-03.csv",84,23.74,2069.229818,0.0027342113031586,0.0666306639588061,0.0342344048087242
"373","Yallakool_example_2011-12-03.csv",85,23.82,2043.268636,0.00273942530786578,0.0657946955328885,0.0344247590718643
"374","Yallakool_example_2011-12-03.csv",86,23.94,1541.846953,0.00274726496368874,0.0496485626234351,0.0347122768620148
"375","Yallakool_example_2011-12-03.csv",87,24.03,1969.58833,0.00275315942530326,0.0634221375566009,0.0349294900077261
"376","Yallakool_example_2011-12-03.csv",88,24.09,1340.338732,0.0027570960908205,0.0431598553558367,0.0350750533687014
"377","Yallakool_example_2011-12-03.csv",89,24.14,1821.115095,0.00276038094495211,0.0586411943563314,0.0351968194474964
"378","Yallakool_example_2011-12-03.csv",90,24.2,1878.971443,0.00276432793631794,0.0605042096907991,0.0353434968634358
"379","Yallakool_example_2011-12-03.csv",91,24.25,1707.380393,0.00276762140660103,0.0549788564934731,0.0354661948670205
"380","Yallakool_example_2011-12-03.csv",92,24.26,1551.736927,0.00276828057137613,0.0499670267826227,0.035490785535298
"381","Yallakool_example_2011-12-03.csv",93,24.26,1682.284584,0.00276828057137613,0.0541707536903395,0.035490785535298
"382","Yallakool_example_2011-12-03.csv",94,24.23,1592.28582,0.0027663035478814,0.0512727298224117,0.0354170646334176
"383","Yallakool_example_2011-12-03.csv",95,24.18,1308.56719,0.00276301164585058,0.0421367892275411,0.0352945365996197
"384","Yallakool_example_2011-12-03.csv",96,24.19,1486.339473,0.00276366971271832,0.0478611825002089,0.0353190082477563
"385","Yallakool_example_2011-12-03.csv",97,24.19,1348.74521,0.00276366971271832,0.0434305498943663,0.0353190082477563
"386","Yallakool_example_2011-12-03.csv",98,24.15,1173.321795,0.00276103838526545,0.03778179183294,0.0352212233429439
"387","Yallakool_example_2011-12-03.csv",99,24.1,868.2160959,0.00275775274877968,0.0279571724833609,0.0350993728370131
"388","Yallakool_example_2011-12-03.csv",100,24.08,1358.882433,0.0027564395892204,0.0437569756462633,0.0350507507507345
"389","Yallakool_example_2011-12-03.csv",101,24.09,1167.758685,0.0027570960908205,0.0376026557554722,0.0350750533687014
"390","Yallakool_example_2011-12-03.csv",102,24.04,885.0290518,0.00275381514566627,0.0284985615571999,0.0349537085489343
"391","Yallakool_example_2011-12-03.csv",103,24.01,839.1642972,0.00275184845294754,0.0270216840133322,0.0348811032549283
"392","Yallakool_example_2011-12-03.csv",104,23.96,658.672271,0.00274857375248391,0.0212097130856176,0.0347604294203583
"393","Yallakool_example_2011-12-03.csv",105,23.88,808.6290023,0.00274334233535334,0.0260384259162053,0.0345682190430851
"394","Yallakool_example_2011-12-03.csv",106,23.81,823.2167141,0.00273877301391638,0.0265081605558372,0.0344009070263797
"395","Yallakool_example_2011-12-03.csv",107,23.77,753.2451477,0.00273616539094844,0.0242550266183145,0.034305663994768
"396","Yallakool_example_2011-12-03.csv",108,23.76,664.9771294,0.00273551387322902,0.0214127339862947,0.0342818944672523
"397","Yallakool_example_2011-12-03.csv",109,23.73,645.320806,0.00273356025073372,0.0207797864674942,0.0342106846548974
"398","Yallakool_example_2011-12-03.csv",110,23.73,568.6735072,0.00273356025073372,0.0183116892241299,0.0342106846548974
"399","Yallakool_example_2011-12-03.csv",111,23.67,477.9329954,0.00272965719040362,0.0153897805523132,0.034068708470648
"400","Yallakool_example_2011-12-03.csv",112,23.67,270.1199159,0.00272965719040362,0.0086980523808177,0.034068708470648
"401","Yallakool_example_2011-12-03.csv",113,23.64,95.3146248,0.00272770775057668,0.00306919834624599,0.0339979414848945
"402","Yallakool_example_2011-12-03.csv",114,23.68,79.24341699,0.00273030731323608,0.00255169408563406,0.0340923301845586
"403","Yallakool_example_2011-12-03.csv",115,23.71,58.72172086,0.00273225861092003,0.00189088095274368,0.0341632936411416
"404","Yallakool_example_2011-12-03.csv",116,23.64,41.53789096,0.00272770775057668,0.00133754947374013,0.0339979414848945
"405","Yallakool_example_2011-12-03.csv",117,23.72,24.84855977,0.00273290935333317,0.000800141203017972,0.0341869809361657
"406","Yallakool_example_2011-12-03.csv",118,23.7,11.49709482,0.0027316080234574,0.000370214586504644,0.0341396227584455
"407","Yallakool_example_2011-12-03.csv",119,23.7,3.337866238,0.0027316080234574,0.000107481654144432,0.0341396227584455
"408","Yallakool_example_2011-12-03.csv",120,23.71,0.494498702,0.00273225861092003,1.59232080237826e-05,0.0341632936411416
"409","Yallakool_example_2011-12-03.csv",121,23.7,0,0.0027316080234574,0,0.0341396227584455
"410","Yallakool_example_2011-12-03.csv",122,23.64,0,0.00272770775057668,0,0.0339979414848945
"411","Yallakool_example_2011-12-03.csv",123,23.64,0,0.00272770775057668,0,0.0339979414848945
"412","Yallakool_example_2011-12-03.csv",124,23.61,0,0.00272575970298158,0,0.0339273214952115
"413","Yallakool_example_2011-12-03.csv",125,23.6,0,0.00272511066299619,0,0.0339038141116513
"414","Yallakool_example_2011-12-03.csv",126,23.6,0,0.00272511066299619,0,0.0339038141116513
"415","Yallakool_example_2011-12-03.csv",127,23.59,0,0.00272446177755593,0,0.0338803230157629
"416","Yallakool_example_2011-12-03.csv",128,23.6,0,0.00272511066299619,0,0.0339038141116513
"417","Yallakool_example_2011-12-03.csv",129,23.57,0,0.00272316447016364,0,0.0338333896418685
"418","Yallakool_example_2011-12-03.csv",130,23.57,0,0.00272316447016364,0,0.0338333896418685
"419","Yallakool_example_2011-12-03.csv",131,23.54,0,0.00272121966724403,0,0.0337631114566875
"420","Yallakool_example_2011-12-03.csv",132,23.51,0,0.00271927625324471,0,0.0336929792522481
"421","Yallakool_example_2011-12-03.csv",133,23.52,0,0.00271992390364791,0,0.0337163404523763
"422","Yallakool_example_2011-12-03.csv",134,23.46,0,0.00271604031370825,0,0.0335764158231977
"423","Yallakool_example_2011-12-03.csv",135,23.45,0,0.00271539358803995,0,0.0335531515733085
"424","Yallakool_example_2011-12-03.csv",136,23.43,0,0.00271410059864889,0,0.0335066714199938
"425","Yallakool_example_2011-12-03.csv",137,23.4,0,0.00271216226887622,0,0.033437071888768
"426","Yallakool_example_2011-12-03.csv",138,23.35,0,0.00270893479498324,0,0.0333213937907411
"427","Yallakool_example_2011-12-03.csv",139,23.3,0,0.00270571116178514,0,0.0332061158899088
"428","Yallakool_example_2011-12-03.csv",140,23.25,0,0.00270249136471148,0,0.0330912368017583
"429","Yallakool_example_2011-12-03.csv",141,23.2,0,0.00269927539919729,0,0.0329767551465667
"430","Yallakool_example_2011-12-03.csv",142,23.17,0,0.00269734765714031,0,0.032908256349095
"431","Yallakool_example_2011-12-03.csv",143,23.13,0,0.00269477947581694,0,0.0328171458996717
"432","Yallakool_example_2011-12-03.csv",144,23.07,0,0.00269093178785484,0,0.0326809529763265
