Date,Time,I,tempC,DO.meas,atmo.pressure,salinity
2011-12-01,00:00:00,0,21.91,7.034,0.985816,0.2
2011-12-01,00:10:00,0,21.85,6.989,0.985816,0.2
2011-12-01,00:20:00,0,21.83,6.998,0.985816,0.2
2011-12-01,00:30:00,0,21.76,6.937,0.985816,0.2
2011-12-01,00:40:00,0,21.74,6.961,0.985816,0.2
2011-12-01,00:50:00,0,21.7,6.896,0.985816,0.2
2011-12-01,01:00:00,0,21.6,6.895,0.985816,0.2
2011-12-01,01:10:00,0,21.57,6.851,0.985816,0.2
2011-12-01,01:20:00,0,21.52,6.789,0.985816,0.2
2011-12-01,01:30:00,0,21.48,6.941,0.985816,0.2
2011-12-01,01:40:00,0,21.41,6.894,0.985816,0.2
2011-12-01,01:50:00,0,21.36,6.882,0.985816,0.2
2011-12-01,02:00:00,0,21.33,6.869,0.985816,0.2
2011-12-01,02:10:00,0,21.28,6.896,0.985816,0.2
2011-12-01,02:20:00,0,21.26,6.868,0.985816,0.2
2011-12-01,02:30:00,0,21.2,6.818,0.985816,0.2
2011-12-01,02:40:00,0,21.15,6.798,0.985816,0.2
2011-12-01,02:50:00,0,21.12,6.771,0.985816,0.2
2011-12-01,03:00:00,0,21.06,6.754,0.985816,0.2
2011-12-01,03:10:00,0,21.03,6.723,0.985816,0.2
2011-12-01,03:20:00,0,20.98,6.711,0.985816,0.2
2011-12-01,03:30:00,0,20.92,6.714,0.985816,0.2
2011-12-01,03:40:00,0,20.85,6.689,0.985816,0.2
2011-12-01,03:50:00,0,20.82,6.697,0.985816,0.2
2011-12-01,04:00:00,0,20.76,6.657,0.985816,0.2
2011-12-01,04:10:00,0,20.74,6.683,0.985816,0.2
2011-12-01,04:20:00,0,20.68,6.649,0.985816,0.2
2011-12-01,04:30:00,0,20.62,6.66,0.985816,0.2
2011-12-01,04:40:00,0.123624675,20.57,6.594,0.985816,0.2
2011-12-01,04:50:00,1.35987143,20.55,6.593,0.985816,0.2
2011-12-01,05:00:00,6.181233774,20.51,6.5,0.985816,0.2
2011-12-01,05:10:00,16.81295587,20.48,6.567,0.985816,0.2
2011-12-01,05:20:00,31.7715416,20.43,6.529,0.985816,0.2
2011-12-01,05:30:00,57.4854741,20.39,6.515,0.985816,0.2
2011-12-01,05:40:00,102.6084807,20.33,6.481,0.985816,0.2
2011-12-01,05:50:00,161.5774509,20.27,6.476,0.985816,0.2
2011-12-01,06:00:00,241.3153665,20.24,6.437,0.985816,0.2
2011-12-01,06:10:00,341.5749784,20.23,6.46,0.985816,0.2
2011-12-01,06:20:00,426.2578811,20.21,6.519,0.985816,0.2
2011-12-01,06:30:00,498.4546916,20.16,6.521,0.985816,0.2
2011-12-01,06:40:00,570.0333787,20.18,6.551,0.985816,0.2
2011-12-01,06:50:00,644.3318086,20.17,6.598,0.985816,0.2
2011-12-01,07:00:00,726.6658425,20.14,6.571,0.985816,0.2
2011-12-01,07:10:00,815.3047348,20.08,6.522,0.985816,0.2
2011-12-01,07:20:00,895.5371492,20.08,6.551,0.985816,0.2
2011-12-01,07:30:00,971.6899493,20.06,6.576,0.985816,0.2
2011-12-01,07:40:00,1043.88676,20.09,6.556,0.985816,0.2
2011-12-01,07:50:00,1114.970948,20.07,6.622,0.985816,0.2
2011-12-01,08:00:00,1183.088144,20.11,6.783,0.985816,0.2
2011-12-01,08:10:00,1250.339968,20.14,6.734,0.985816,0.2
2011-12-01,08:20:00,1315.984671,20.17,6.769,0.985816,0.2
2011-12-01,08:30:00,1383.112869,20.29,6.88,0.985816,0.2
2011-12-01,08:40:00,1448.386698,20.37,6.906,0.985816,0.2
2011-12-01,08:50:00,1513.784151,20.5,7.004,0.985816,0.2
2011-12-01,09:00:00,1573.618494,20.56,7.044,0.985816,0.2
2011-12-01,09:10:00,1633.947336,20.67,7.041,0.985816,0.2
2011-12-01,09:20:00,1699.221165,20.7,6.953,0.985816,0.2
2011-12-01,09:30:00,1754.11052,20.77,7.019,0.985816,0.2
2011-12-01,09:40:00,1808.010879,20.83,7.081,0.985816,0.2
2011-12-01,09:50:00,1847.44715,20.9,7.008,0.985816,0.2
2011-12-01,10:00:00,1910.990234,20.93,7.054,0.985816,0.2
2011-12-01,10:10:00,1952.4045,21.02,7.111,0.985816,0.2
2011-12-01,10:20:00,2010.013599,21.08,7.113,0.985816,0.2
2011-12-01,10:30:00,2026.579305,21.13,7.13,0.985816,0.2
2011-12-01,10:40:00,2061.688713,21.22,7.194,0.985816,0.2
2011-12-01,10:50:00,2097.539869,21.31,7.229,0.985816,0.2
2011-12-01,11:00:00,2136.358017,21.39,7.271,0.985816,0.2
2011-12-01,11:10:00,2193.596242,21.46,7.292,0.985816,0.2
2011-12-01,11:20:00,2160.835703,21.56,7.356,0.985816,0.2
2011-12-01,11:30:00,2169.365805,21.64,7.345,0.985816,0.2
2011-12-01,11:40:00,2182.840895,21.74,7.347,0.985816,0.2
2011-12-01,11:50:00,2194.33799,21.84,7.233,0.985816,0.2
2011-12-01,12:00:00,2199.653851,21.94,7.343,0.985816,0.2
2011-12-01,12:10:00,2215.725059,22.1,7.368,0.985816,0.2
2011-12-01,12:20:00,2221.906292,22.14,7.416,0.985816,0.2
2011-12-01,12:30:00,2210.656447,22.18,7.474,0.985816,0.2
2011-12-01,12:40:00,2200.271974,22.23,7.413,0.985816,0.2
2011-12-01,12:50:00,2193.225368,22.28,7.43,0.985816,0.2
2011-12-01,13:00:00,2178.761281,22.37,7.577,0.985816,0.2
2011-12-01,13:10:00,2166.893312,22.39,7.634,0.985816,0.2
2011-12-01,13:20:00,2146.866114,22.42,7.69,0.985816,0.2
2011-12-01,13:30:00,2125.355421,22.52,7.759,0.985816,0.2
2011-12-01,13:40:00,2097.29262,22.63,7.869,0.985816,0.2
2011-12-01,13:50:00,2063.790333,22.67,7.963,0.985816,0.2
2011-12-01,14:00:00,2029.299048,22.74,7.876,0.985816,0.2
2011-12-01,14:10:00,2001.607121,22.76,7.972,0.985816,0.2
2011-12-01,14:20:00,1946.346891,22.8,8.052,0.985816,0.2
2011-12-01,14:30:00,1913.586352,22.81,7.992,0.985816,0.2
2011-12-01,14:40:00,1895.042651,22.8,8.041,0.985816,0.2
2011-12-01,14:50:00,1883.051057,22.81,8.125,0.985816,0.2
2011-12-01,15:00:00,1840.276919,22.86,8.161,0.985816,0.2
2011-12-01,15:10:00,1773.766844,22.85,8.18,0.985816,0.2
2011-12-01,15:20:00,1764.742243,22.84,8.083,0.985816,0.2
2011-12-01,15:30:00,1862.77661,22.88,8.064,0.985816,0.2
2011-12-01,15:40:00,1619.359624,22.81,8.04,0.985816,0.2
2011-12-01,15:50:00,1199.035728,22.85,8.084,0.985816,0.2
2011-12-01,16:00:00,1578.439857,22.84,8.028,0.985816,0.2
2011-12-01,16:10:00,1197.675856,22.76,8.018,0.985816,0.2
2011-12-01,16:20:00,907.5287427,22.68,7.96,0.985816,0.2
2011-12-01,16:30:00,1162.07195,22.6,7.958,0.985816,0.2
2011-12-01,16:40:00,1254.914081,22.51,7.947,0.985816,0.2
2011-12-01,16:50:00,1096.798121,22.46,7.892,0.985816,0.2
2011-12-01,17:00:00,819.5079738,22.44,7.88,0.985816,0.2
2011-12-01,17:10:00,990.2336506,22.36,7.876,0.985816,0.2
2011-12-01,17:20:00,614.2910125,22.27,7.909,0.985816,0.2
2011-12-01,17:30:00,851.2795154,22.22,7.908,0.985816,0.2
2011-12-01,17:40:00,770.4289776,22.16,7.882,0.985816,0.2
2011-12-01,17:50:00,675.6088515,22.14,7.897,0.985816,0.2
2011-12-01,18:00:00,548.8935592,22.09,7.816,0.985816,0.2
2011-12-01,18:10:00,534.5530968,22.05,7.773,0.985816,0.2
2011-12-01,18:20:00,417.4805291,21.95,7.73,0.985816,0.2
2011-12-01,18:30:00,217.8266782,21.89,7.767,0.985816,0.2
2011-12-01,18:40:00,81.22141179,21.84,7.718,0.985816,0.2
2011-12-01,18:50:00,61.81233774,21.85,7.757,0.985816,0.2
2011-12-01,19:00:00,50.31524292,21.78,7.688,0.985816,0.2
2011-12-01,19:10:00,35.85115589,21.76,7.653,0.985816,0.2
2011-12-01,19:20:00,21.01619483,21.77,7.622,0.985816,0.2
2011-12-01,19:30:00,8.900976635,21.72,7.539,0.985816,0.2
2011-12-01,19:40:00,2.596118185,21.7,7.5,0.985816,0.2
2011-12-01,19:50:00,0.370874026,21.68,7.526,0.985816,0.2
2011-12-01,20:00:00,0,21.62,7.463,0.985816,0.2
2011-12-01,20:10:00,0,21.6,7.441,0.985816,0.2
2011-12-01,20:20:00,0,21.56,7.441,0.985816,0.2
2011-12-01,20:30:00,0,21.54,7.378,0.985816,0.2
2011-12-01,20:40:00,0,21.49,7.365,0.985816,0.2
2011-12-01,20:50:00,0,21.44,7.341,0.985816,0.2
2011-12-01,21:00:00,0,21.45,7.505,0.985816,0.2
2011-12-01,21:10:00,0,21.39,7.482,0.985816,0.2
2011-12-01,21:20:00,0,21.36,7.455,0.985816,0.2
2011-12-01,21:30:00,0,21.32,7.354,0.985816,0.2
2011-12-01,21:40:00,0,21.32,7.42,0.985816,0.2
2011-12-01,21:50:00,0,21.34,7.444,0.985816,0.2
2011-12-01,22:00:00,0,21.28,7.357,0.985816,0.2
2011-12-01,22:10:00,0,21.27,7.367,0.985816,0.2
2011-12-01,22:20:00,0,21.26,7.321,0.985816,0.2
2011-12-01,22:30:00,0,21.25,7.286,0.985816,0.2
2011-12-01,22:40:00,0,21.21,7.267,0.985816,0.2
2011-12-01,22:50:00,0,21.17,7.238,0.985816,0.2
2011-12-01,23:00:00,0,21.16,7.275,0.985816,0.2
2011-12-01,23:10:00,0,21.14,7.22,0.985816,0.2
2011-12-01,23:20:00,0,21.11,7.082,0.985816,0.2
2011-12-01,23:30:00,0,21.09,7.1,0.985816,0.2
2011-12-01,23:40:00,0,21.06,7.153,0.985816,0.2
2011-12-01,23:50:00,0,21.03,7.185,0.985816,0.2
2011-12-02,00:00:00,0,21,7.093,0.985816,0.2
2011-12-02,00:10:00,0,20.99,7.154,0.985816,0.2
2011-12-02,00:20:00,0,20.95,7.07,0.985816,0.2
2011-12-02,00:30:00,0,20.92,7.039,0.985816,0.2
2011-12-02,00:40:00,0,20.9,6.917,0.985816,0.2
2011-12-02,00:50:00,0,20.88,7.007,0.985816,0.2
2011-12-02,01:00:00,0,20.84,6.964,0.985816,0.2
2011-12-02,01:10:00,0,20.81,6.911,0.985816,0.2
2011-12-02,01:20:00,0,20.76,6.855,0.985816,0.2
2011-12-02,01:30:00,0,20.71,6.801,0.985816,0.2
2011-12-02,01:40:00,0,20.68,6.72,0.985816,0.2
2011-12-02,01:50:00,0,20.66,6.787,0.985816,0.2
2011-12-02,02:00:00,0,20.6,6.677,0.985816,0.2
2011-12-02,02:10:00,0,20.56,6.768,0.985816,0.2
2011-12-02,02:20:00,0,20.54,6.768,0.985816,0.2
2011-12-02,02:30:00,0,20.49,6.683,0.985816,0.2
2011-12-02,02:40:00,0,20.46,6.706,0.985816,0.2
2011-12-02,02:50:00,0,20.41,6.678,0.985816,0.2
2011-12-02,03:00:00,0,20.36,6.656,0.985816,0.2
2011-12-02,03:10:00,0,20.34,6.614,0.985816,0.2
2011-12-02,03:20:00,0,20.29,6.538,0.985816,0.2
2011-12-02,03:30:00,0,20.26,6.569,0.985816,0.2
2011-12-02,03:40:00,0,20.21,6.423,0.985816,0.2
2011-12-02,03:50:00,0,20.18,6.512,0.985816,0.2
2011-12-02,04:00:00,0,20.13,6.497,0.985816,0.2
2011-12-02,04:10:00,0,20.08,6.612,0.985816,0.2
2011-12-02,04:20:00,0,20.04,6.539,0.985816,0.2
2011-12-02,04:30:00,0,20,6.594,0.985816,0.2
2011-12-02,04:40:00,0.123624675,19.98,6.543,0.985816,0.2
2011-12-02,04:50:00,1.483496106,19.9,6.442,0.985816,0.2
2011-12-02,05:00:00,6.30485845,19.89,6.468,0.985816,0.2
2011-12-02,05:10:00,16.81295587,19.84,6.464,0.985816,0.2
2011-12-02,05:20:00,32.51328965,19.78,6.333,0.985816,0.2
2011-12-02,05:30:00,57.36184943,19.72,6.448,0.985816,0.2
2011-12-02,05:40:00,100.7541105,19.81,6.395,0.985816,0.2
2011-12-02,05:50:00,161.0829522,19.81,6.567,0.985816,0.2
2011-12-02,06:00:00,242.0571146,19.78,6.487,0.985816,0.2
2011-12-02,06:10:00,338.6079862,19.76,6.553,0.985816,0.2
2011-12-02,06:20:00,420.6947707,19.75,6.588,0.985816,0.2
2011-12-02,06:30:00,493.0152058,19.71,6.556,0.985816,0.2
2011-12-02,06:40:00,565.4592657,19.71,6.533,0.985816,0.2
2011-12-02,06:50:00,641.3648164,19.7,6.529,0.985816,0.2
2011-12-02,07:00:00,722.2153542,19.69,6.537,0.985816,0.2
2011-12-02,07:10:00,810.4833725,19.65,6.447,0.985816,0.2
2011-12-02,07:20:00,889.6031648,19.61,6.337,0.985816,0.2
2011-12-02,07:30:00,964.6433428,19.6,6.351,0.985816,0.2
2011-12-02,07:40:00,1035.851156,19.57,6.363,0.985816,0.2
2011-12-02,07:50:00,1103.226604,19.61,6.324,0.985816,0.2
2011-12-02,08:00:00,1172.827296,19.66,6.571,0.985816,0.2
2011-12-02,08:10:00,1240.944493,19.7,6.547,0.985816,0.2
2011-12-02,08:20:00,1311.163308,19.74,6.609,0.985816,0.2
2011-12-02,08:30:00,1378.662381,19.83,6.735,0.985816,0.2
2011-12-02,08:40:00,1442.823588,19.92,6.916,0.985816,0.2
2011-12-02,08:50:00,1506.861169,20.02,6.994,0.985816,0.2
2011-12-02,09:00:00,1566.695512,20.11,6.972,0.985816,0.2
2011-12-02,09:10:00,1623.439238,20.17,6.983,0.985816,0.2
2011-12-02,09:20:00,1684.757078,20.22,6.967,0.985816,0.2
2011-12-02,09:30:00,1738.410187,20.27,6.959,0.985816,0.2
2011-12-02,09:40:00,1788.72543,20.33,6.962,0.985816,0.2
2011-12-02,09:50:00,1836.939053,20.4,6.948,0.985816,0.2
2011-12-02,10:00:00,1876.746199,20.51,7.043,0.985816,0.2
2011-12-02,10:10:00,1923.970825,20.57,7.082,0.985816,0.2
2011-12-02,10:20:00,1963.407096,20.64,7.163,0.985816,0.2
2011-12-02,10:30:00,1998.392879,20.73,7.252,0.985816,0.2
2011-12-02,10:40:00,2037.087403,20.8,7.378,0.985816,0.2
2011-12-02,10:50:00,2067.869947,20.89,7.431,0.985816,0.2
2011-12-02,11:00:00,2086.537273,20.99,7.47,0.985816,0.2
2011-12-02,11:10:00,2114.352825,21.07,7.528,0.985816,0.2
2011-12-02,11:20:00,2134.998146,21.16,7.605,0.985816,0.2
2011-12-02,11:30:00,2138.706886,21.26,7.587,0.985816,0.2
2011-12-02,11:40:00,2161.330202,21.36,7.669,0.985816,0.2
2011-12-02,11:50:00,2171.096551,21.43,7.625,0.985816,0.2
2011-12-02,12:00:00,2176.041538,21.53,7.669,0.985816,0.2
2011-12-02,12:10:00,2180.8629,21.65,7.697,0.985816,0.2
2011-12-02,12:20:00,2173.074546,21.75,7.698,0.985816,0.2
2011-12-02,12:30:00,2186.302386,21.84,7.685,0.985816,0.2
2011-12-02,12:40:00,2171.3438,22,7.707,0.985816,0.2
2011-12-02,12:50:00,2166.769687,22.09,7.632,0.985816,0.2
2011-12-02,13:00:00,2147.731487,22.23,7.628,0.985816,0.2
2011-12-02,13:10:00,2135.12177,22.29,7.625,0.985816,0.2
2011-12-02,13:20:00,2119.297812,22.38,7.604,0.985816,0.2
2011-12-02,13:30:00,2107.182594,22.54,7.908,0.985816,0.2
2011-12-02,13:40:00,2083.446656,22.63,7.962,0.985816,0.2
2011-12-02,13:50:00,2044.257634,22.73,8.109,0.985816,0.2
2011-12-02,14:00:00,2006.428483,22.84,8.144,0.985816,0.2
2011-12-02,14:10:00,1986.277661,22.96,8.127,0.985816,0.2
2011-12-02,14:20:00,1940.907405,23.08,8.208,0.985816,0.2
2011-12-02,14:30:00,1907.652367,23.17,8.156,0.985816,0.2
2011-12-02,14:40:00,1857.460749,23.21,8.313,0.985816,0.2
2011-12-02,14:50:00,1820.126097,23.3,8.408,0.985816,0.2
2011-12-02,15:00:00,1767.338361,23.38,8.303,0.985816,0.2
2011-12-02,15:10:00,1716.652244,23.43,8.371,0.985816,0.2
2011-12-02,15:20:00,1667.696872,23.47,8.374,0.985816,0.2
2011-12-02,15:30:00,1602.175794,23.52,8.412,0.985816,0.2
2011-12-02,15:40:00,1544.566696,23.55,8.444,0.985816,0.2
2011-12-02,15:50:00,1485.968599,23.6,8.422,0.985816,0.2
2011-12-02,16:00:00,1418.222277,23.6,8.44,0.985816,0.2
2011-12-02,16:10:00,1359.87143,23.65,8.479,0.985816,0.2
2011-12-02,16:20:00,1295.957473,23.66,8.29,0.985816,0.2
2011-12-02,16:30:00,1228.211151,23.66,8.255,0.985816,0.2
2011-12-02,16:40:00,1159.228582,23.65,8.302,0.985816,0.2
2011-12-02,16:50:00,1086.908147,23.63,8.232,0.985816,0.2
2011-12-02,17:00:00,1017.307455,23.6,8.23,0.985816,0.2
2011-12-02,17:10:00,945.3578934,23.58,8.204,0.985816,0.2
2011-12-02,17:20:00,874.3973297,23.49,8.086,0.985816,0.2
2011-12-02,17:30:00,797.9972803,23.48,8.203,0.985816,0.2
2011-12-02,17:40:00,725.8004698,23.46,8.095,0.985816,0.2
2011-12-02,17:50:00,650.1421684,23.44,8.136,0.985816,0.2
2011-12-02,18:00:00,573.9893683,23.4,8.012,0.985816,0.2
2011-12-02,18:10:00,495.7349487,23.37,7.99,0.985816,0.2
2011-12-02,18:20:00,387.5633576,23.31,7.804,0.985816,0.2
2011-12-02,18:30:00,220.4227964,23.27,7.942,0.985816,0.2
2011-12-02,18:40:00,87.52627024,23.23,7.76,0.985816,0.2
2011-12-02,18:50:00,75.1638027,23.18,7.807,0.985816,0.2
2011-12-02,19:00:00,56.9909754,23.14,7.985,0.985816,0.2
2011-12-02,19:10:00,40.67251823,23.12,7.892,0.985816,0.2
2011-12-02,19:20:00,23.85956237,23.09,7.852,0.985816,0.2
2011-12-02,19:30:00,10.26084807,23.07,7.857,0.985816,0.2
2011-12-02,19:40:00,2.966992212,23.05,7.792,0.985816,0.2
2011-12-02,19:50:00,0.370874026,23.03,7.668,0.985816,0.2
2011-12-02,20:00:00,0.123624675,23,7.752,0.985816,0.2
2011-12-02,20:10:00,0,22.96,7.617,0.985816,0.2
2011-12-02,20:20:00,0,22.93,7.497,0.985816,0.2
2011-12-02,20:30:00,0,22.89,7.407,0.985816,0.2
2011-12-02,20:40:00,0,22.88,7.74,0.985816,0.2
2011-12-02,20:50:00,0,22.84,7.533,0.985816,0.2
2011-12-02,21:00:00,0,22.81,7.512,0.985816,0.2
2011-12-02,21:10:00,0,22.79,7.619,0.985816,0.2
2011-12-02,21:20:00,0,22.76,7.621,0.985816,0.2
2011-12-02,21:30:00,0,22.74,7.595,0.985816,0.2
2011-12-02,21:40:00,0,22.73,7.659,0.985816,0.2
2011-12-02,21:50:00,0,22.7,7.501,0.985816,0.2
2011-12-02,22:00:00,0,22.66,7.511,0.985816,0.2
2011-12-02,22:10:00,0,22.62,7.437,0.985816,0.2
2011-12-02,22:20:00,0,22.57,7.299,0.985816,0.2
2011-12-02,22:30:00,0,22.55,7.346,0.985816,0.2
2011-12-02,22:40:00,0,22.5,7.351,0.985816,0.2
2011-12-02,22:50:00,0,22.48,7.365,0.985816,0.2
2011-12-02,23:00:00,0,22.44,7.281,0.985816,0.2
2011-12-02,23:10:00,0,22.42,7.224,0.985816,0.2
2011-12-02,23:20:00,0,22.38,7.265,0.985816,0.2
2011-12-02,23:30:00,0,22.36,7.285,0.985816,0.2
2011-12-02,23:40:00,0,22.34,7.267,0.985816,0.2
2011-12-02,23:50:00,0,22.31,7.022,0.985816,0.2
2011-12-03,00:00:00,0,22.29,7.116,0.985816,0.2
2011-12-03,00:10:00,0,22.24,7.118,0.985816,0.2
2011-12-03,00:20:00,0,22.21,6.971,0.985816,0.2
2011-12-03,00:30:00,0,22.19,7.096,0.985816,0.2
2011-12-03,00:40:00,0,22.15,6.918,0.985816,0.2
2011-12-03,00:50:00,0,22.11,6.917,0.985816,0.2
2011-12-03,01:00:00,0,22.09,7.1,0.985816,0.2
2011-12-03,01:10:00,0,22.06,6.937,0.985816,0.2
2011-12-03,01:20:00,0,22.03,6.845,0.985816,0.2
2011-12-03,01:30:00,0,22.01,6.833,0.985816,0.2
2011-12-03,01:40:00,0,21.95,6.859,0.985816,0.2
2011-12-03,01:50:00,0,21.92,6.773,0.985816,0.2
2011-12-03,02:00:00,0,21.9,6.681,0.985816,0.2
2011-12-03,02:10:00,0,21.87,6.798,0.985816,0.2
2011-12-03,02:20:00,0,21.82,6.709,0.985816,0.2
2011-12-03,02:30:00,0,21.79,6.713,0.985816,0.2
2011-12-03,02:40:00,0,21.72,6.642,0.985816,0.2
2011-12-03,02:50:00,0,21.69,6.653,0.985816,0.2
2011-12-03,03:00:00,0,21.66,6.594,0.985816,0.2
2011-12-03,03:10:00,0,21.63,6.48,0.985816,0.2
2011-12-03,03:20:00,0,21.58,6.452,0.985816,0.2
2011-12-03,03:30:00,0,21.53,6.471,0.985816,0.2
2011-12-03,03:40:00,0,21.49,6.34,0.985816,0.2
2011-12-03,03:50:00,0,21.44,6.399,0.985816,0.2
2011-12-03,04:00:00,0,21.41,6.432,0.985816,0.2
2011-12-03,04:10:00,0,21.36,6.401,0.985816,0.2
2011-12-03,04:20:00,0,21.31,6.383,0.985816,0.2
2011-12-03,04:30:00,0,21.27,6.362,0.985816,0.2
2011-12-03,04:40:00,0.123624675,21.24,6.381,0.985816,0.2
2011-12-03,04:50:00,1.483496106,21.21,6.384,0.985816,0.2
2011-12-03,05:00:00,5.933984423,21.19,6.335,0.985816,0.2
2011-12-03,05:10:00,16.31845716,21.14,6.304,0.985816,0.2
2011-12-03,05:20:00,31.89516628,21.11,6.213,0.985816,0.2
2011-12-03,05:30:00,56.4964767,21.08,6.258,0.985816,0.2
2011-12-03,05:40:00,97.16899493,21.04,6.191,0.985816,0.2
2011-12-03,05:50:00,151.4402275,21.02,6.09,0.985816,0.2
2011-12-03,06:00:00,224.8732847,20.99,6.162,0.985816,0.2
2011-12-03,06:10:00,315.3665472,20.97,6.14,0.985816,0.2
2011-12-03,06:20:00,403.0164421,20.97,6.209,0.985816,0.2
2011-12-03,06:30:00,485.5977253,20.97,6.204,0.985816,0.2
2011-12-03,06:40:00,574.2366176,20.98,6.078,0.985816,0.2
2011-12-03,06:50:00,652.3674125,20.97,5.953,0.985816,0.2
2011-12-03,07:00:00,725.9240944,20.99,6.192,0.985816,0.2
2011-12-03,07:10:00,799.9752751,20.98,6.13,0.985816,0.2
2011-12-03,07:20:00,871.1830881,20.96,6.183,0.985816,0.2
2011-12-03,07:30:00,942.2672765,20.94,6.024,0.985816,0.2
2011-12-03,07:40:00,1014.216838,20.96,6.087,0.985816,0.2
2011-12-03,07:50:00,1081.345036,21.01,5.973,0.985816,0.2
2011-12-03,08:00:00,1146.247991,21.08,6.29,0.985816,0.2
2011-12-03,08:10:00,1214.241563,21.1,6.345,0.985816,0.2
2011-12-03,08:20:00,1281.740635,21.14,6.29,0.985816,0.2
2011-12-03,08:30:00,1345.160094,21.22,6.315,0.985816,0.2
2011-12-03,08:40:00,1401.532946,21.27,6.584,0.985816,0.2
2011-12-03,08:50:00,1458.029423,21.34,6.49,0.985816,0.2
2011-12-03,09:00:00,1515.762146,21.4,6.395,0.985816,0.2
2011-12-03,09:10:00,1568.673507,21.46,6.257,0.985816,0.2
2011-12-03,09:20:00,1620.966745,21.51,6.271,0.985816,0.2
2011-12-03,09:30:00,1674.372605,21.58,6.364,0.985816,0.2
2011-12-03,09:40:00,1735.937693,21.64,6.179,0.985816,0.2
2011-12-03,09:50:00,1789.219928,21.7,6.264,0.985816,0.2
2011-12-03,10:00:00,1833.848436,21.79,6.591,0.985816,0.2
2011-12-03,10:10:00,1875.757201,21.86,6.746,0.985816,0.2
2011-12-03,10:20:00,1906.786995,21.95,6.642,0.985816,0.2
2011-12-03,10:30:00,1946.223266,22.03,6.878,0.985816,0.2
2011-12-03,10:40:00,1983.681543,22.1,6.974,0.985816,0.2
2011-12-03,10:50:00,1968.722957,22.18,6.976,0.985816,0.2
2011-12-03,11:00:00,2033.378662,22.24,6.849,0.985816,0.2
2011-12-03,11:10:00,2063.913957,22.29,6.84,0.985816,0.2
2011-12-03,11:20:00,2056.990975,22.4,6.983,0.985816,0.2
2011-12-03,11:30:00,2096.427247,22.47,7.048,0.985816,0.2
2011-12-03,11:40:00,2114.723699,22.57,7.176,0.985816,0.2
2011-12-03,11:50:00,2119.421437,22.64,7.193,0.985816,0.2
2011-12-03,12:00:00,2134.627272,22.78,7.152,0.985816,0.2
2011-12-03,12:10:00,2172.332798,22.87,7.22,0.985816,0.2
2011-12-03,12:20:00,2166.522438,23,7.202,0.985816,0.2
2011-12-03,12:30:00,2186.055137,23.1,7.306,0.985816,0.2
2011-12-03,12:40:00,2258.004698,23.17,7.075,0.985816,0.2
2011-12-03,12:50:00,2330.943256,23.3,7.041,0.985816,0.2
2011-12-03,13:00:00,2211.769069,23.34,7.116,0.985816,0.2
2011-12-03,13:10:00,1922.363704,23.39,7.037,0.985816,0.2
2011-12-03,13:20:00,2161.082952,23.45,7.125,0.985816,0.2
2011-12-03,13:30:00,2151.440227,23.56,7.328,0.985816,0.2
2011-12-03,13:40:00,2104.586475,23.66,7.557,0.985816,0.2
2011-12-03,13:50:00,2069.229818,23.74,7.646,0.985816,0.2
2011-12-03,14:00:00,2043.268636,23.82,7.732,0.985816,0.2
2011-12-03,14:10:00,1541.846953,23.94,7.645,0.985816,0.2
2011-12-03,14:20:00,1969.58833,24.03,7.656,0.985816,0.2
2011-12-03,14:30:00,1340.338732,24.09,7.603,0.985816,0.2
2011-12-03,14:40:00,1821.115095,24.14,7.45,0.985816,0.2
2011-12-03,14:50:00,1878.971443,24.2,7.616,0.985816,0.2
2011-12-03,15:00:00,1707.380393,24.25,7.793,0.985816,0.2
2011-12-03,15:10:00,1551.736927,24.26,7.781,0.985816,0.2
2011-12-03,15:20:00,1682.284584,24.26,7.677,0.985816,0.2
2011-12-03,15:30:00,1592.28582,24.23,7.601,0.985816,0.2
2011-12-03,15:40:00,1308.56719,24.18,7.696,0.985816,0.2
2011-12-03,15:50:00,1486.339473,24.19,7.69,0.985816,0.2
2011-12-03,16:00:00,1348.74521,24.19,7.66,0.985816,0.2
2011-12-03,16:10:00,1173.321795,24.15,7.74,0.985816,0.2
2011-12-03,16:20:00,868.2160959,24.1,7.629,0.985816,0.2
2011-12-03,16:30:00,1358.882433,24.08,7.666,0.985816,0.2
2011-12-03,16:40:00,1167.758685,24.09,7.606,0.985816,0.2
2011-12-03,16:50:00,885.0290518,24.04,7.473,0.985816,0.2
2011-12-03,17:00:00,839.1642972,24.01,7.541,0.985816,0.2
2011-12-03,17:10:00,658.672271,23.96,7.49,0.985816,0.2
2011-12-03,17:20:00,808.6290023,23.88,7.427,0.985816,0.2
2011-12-03,17:30:00,823.2167141,23.81,7.487,0.985816,0.2
2011-12-03,17:40:00,753.2451477,23.77,7.572,0.985816,0.2
2011-12-03,17:50:00,664.9771294,23.76,7.524,0.985816,0.2
2011-12-03,18:00:00,645.320806,23.73,7.439,0.985816,0.2
2011-12-03,18:10:00,568.6735072,23.73,7.524,0.985816,0.2
2011-12-03,18:20:00,477.9329954,23.67,7.406,0.985816,0.2
2011-12-03,18:30:00,270.1199159,23.67,7.502,0.985816,0.2
2011-12-03,18:40:00,95.3146248,23.64,7.505,0.985816,0.2
2011-12-03,18:50:00,79.24341699,23.68,7.532,0.985816,0.2
2011-12-03,19:00:00,58.72172086,23.71,7.587,0.985816,0.2
2011-12-03,19:10:00,41.53789096,23.64,7.519,0.985816,0.2
2011-12-03,19:20:00,24.84855977,23.72,7.546,0.985816,0.2
2011-12-03,19:30:00,11.49709482,23.7,7.44,0.985816,0.2
2011-12-03,19:40:00,3.337866238,23.7,7.414,0.985816,0.2
2011-12-03,19:50:00,0.494498702,23.71,7.406,0.985816,0.2
2011-12-03,20:00:00,0,23.7,7.384,0.985816,0.2
2011-12-03,20:10:00,0,23.64,7.264,0.985816,0.2
2011-12-03,20:20:00,0,23.64,7.336,0.985816,0.2
2011-12-03,20:30:00,0,23.61,7.323,0.985816,0.2
2011-12-03,20:40:00,0,23.6,7.234,0.985816,0.2
2011-12-03,20:50:00,0,23.6,7.241,0.985816,0.2
2011-12-03,21:00:00,0,23.59,7.198,0.985816,0.2
2011-12-03,21:10:00,0,23.6,7.194,0.985816,0.2
2011-12-03,21:20:00,0,23.57,7.235,0.985816,0.2
2011-12-03,21:30:00,0,23.57,7.277,0.985816,0.2
2011-12-03,21:40:00,0,23.54,7.255,0.985816,0.2
2011-12-03,21:50:00,0,23.51,7.097,0.985816,0.2
2011-12-03,22:00:00,0,23.52,7.133,0.985816,0.2
2011-12-03,22:10:00,0,23.46,7.043,0.985816,0.2
2011-12-03,22:20:00,0,23.45,6.909,0.985816,0.2
2011-12-03,22:30:00,0,23.43,7.057,0.985816,0.2
2011-12-03,22:40:00,0,23.4,7.018,0.985816,0.2
2011-12-03,22:50:00,0,23.35,6.953,0.985816,0.2
2011-12-03,23:00:00,0,23.3,6.983,0.985816,0.2
2011-12-03,23:10:00,0,23.25,6.96,0.985816,0.2
2011-12-03,23:20:00,0,23.2,6.856,0.985816,0.2
2011-12-03,23:30:00,0,23.17,6.798,0.985816,0.2
2011-12-03,23:40:00,0,23.13,6.777,0.985816,0.2
2011-12-03,23:50:00,0,23.07,6.743,0.985816,0.2
2011-12-04,00:00:00,0,23.04,6.757,0.985816,0.2
2011-12-04,00:10:00,0,22.99,6.798,0.985816,0.2
2011-12-04,00:20:00,0,22.91,6.728,0.985816,0.2
2011-12-04,00:30:00,0,22.9,6.753,0.985816,0.2
2011-12-04,00:40:00,0,22.8,6.819,0.985816,0.2
2011-12-04,00:50:00,0,22.69,6.711,0.985816,0.2
2011-12-04,01:00:00,0,22.66,6.647,0.985816,0.2
2011-12-04,01:10:00,0,22.59,6.548,0.985816,0.2
2011-12-04,01:20:00,0,22.55,6.607,0.985816,0.2
2011-12-04,01:30:00,0,22.49,6.47,0.985816,0.2
2011-12-04,01:40:00,0,22.46,6.661,0.985816,0.2
2011-12-04,01:50:00,0,22.33,6.665,0.985816,0.2
2011-12-04,02:00:00,0,22.3,6.645,0.985816,0.2
2011-12-04,02:10:00,0,22.22,6.617,0.985816,0.2
2011-12-04,02:20:00,0,22.14,6.617,0.985816,0.2
2011-12-04,02:30:00,0,22.07,6.535,0.985816,0.2
2011-12-04,02:40:00,0,21.99,6.468,0.985816,0.2
2011-12-04,02:50:00,0,21.97,6.457,0.985816,0.2
2011-12-04,03:00:00,0,21.84,6.444,0.985816,0.2
2011-12-04,03:10:00,0,21.79,6.527,0.985816,0.2
2011-12-04,03:20:00,0,21.72,6.473,0.985816,0.2
2011-12-04,03:30:00,0,21.66,6.41,0.985816,0.2
2011-12-04,03:40:00,0,21.59,6.378,0.985816,0.2
2011-12-04,03:50:00,0,21.55,6.341,0.985816,0.2
2011-12-04,04:00:00,0,21.49,6.355,0.985816,0.2
2011-12-04,04:10:00,0,21.41,6.282,0.985816,0.2
2011-12-04,04:20:00,0,21.33,6.287,0.985816,0.2
2011-12-04,04:30:00,0,21.31,6.298,0.985816,0.2
2011-12-04,04:40:00,0.123624675,21.3,6.278,0.985816,0.2
2011-12-04,04:50:00,1.236246755,21.23,6.161,0.985816,0.2
2011-12-04,05:00:00,6.181233774,21.18,6.182,0.985816,0.2
2011-12-04,05:10:00,17.43107924,21.13,6.22,0.985816,0.2
2011-12-04,05:20:00,33.87316108,21.03,6.21,0.985816,0.2
2011-12-04,05:30:00,58.84534553,20.95,6.172,0.985816,0.2
2011-12-04,05:40:00,102.484856,20.89,6.13,0.985816,0.2
2011-12-04,05:50:00,162.6900729,20.88,6.234,0.985816,0.2
2011-12-04,06:00:00,243.9114847,20.8,6.205,0.985816,0.2
2011-12-04,06:10:00,339.2261095,20.76,6.297,0.985816,0.2
2011-12-04,06:20:00,421.9310174,20.73,6.378,0.985816,0.2
2011-12-04,06:30:00,497.2184448,20.7,6.374,0.985816,0.2
2011-12-04,06:40:00,570.1570033,20.64,6.337,0.985816,0.2
2011-12-04,06:50:00,644.3318086,20.62,6.387,0.985816,0.2
2011-12-04,07:00:00,718.7538633,20.54,6.404,0.985816,0.2
2011-12-04,07:10:00,800.8406478,20.44,6.369,0.985816,0.2
2011-12-04,07:20:00,886.1416739,20.42,6.378,0.985816,0.2
2011-12-04,07:30:00,970.2064532,20.4,6.391,0.985816,0.2
2011-12-04,07:40:00,1045.74113,20.37,6.467,0.985816,0.2
2011-12-04,07:50:00,1121.523056,20.35,6.498,0.985816,0.2
2011-12-04,08:00:00,1191.989121,20.42,6.621,0.985816,0.2
2011-12-04,08:10:00,1262.331561,20.4,6.59,0.985816,0.2
2011-12-04,08:20:00,1330.077884,20.4,6.613,0.985816,0.2
2011-12-04,08:30:00,1395.228088,20.4,6.826,0.985816,0.2
2011-12-04,08:40:00,1455.556929,20.51,6.973,0.985816,0.2
2011-12-04,08:50:00,1519.594511,20.6,6.915,0.985816,0.2
2011-12-04,09:00:00,1583.01397,20.67,6.888,0.985816,0.2
2011-12-04,09:10:00,1644.949932,20.72,6.93,0.985816,0.2
2011-12-04,09:20:00,1702.80628,20.74,6.879,0.985816,0.2
2011-12-04,09:30:00,1760.044505,20.79,6.932,0.985816,0.2
2011-12-04,09:40:00,1815.18111,20.81,6.834,0.985816,0.2
2011-12-04,09:50:00,1867.350723,20.86,6.833,0.985816,0.2
2011-12-04,10:00:00,1916.553344,20.93,6.921,0.985816,0.2
2011-12-04,10:10:00,1961.676351,20.95,6.866,0.985816,0.2
2011-12-04,10:20:00,2006.304858,20.99,6.93,0.985816,0.2
2011-12-04,10:30:00,2044.628508,21.01,7.015,0.985816,0.2
2011-12-04,10:40:00,2078.625294,21.05,6.959,0.985816,0.2
2011-12-04,10:50:00,2111.509457,21.1,6.974,0.985816,0.2
2011-12-04,11:00:00,2138.088763,21.22,6.99,0.985816,0.2
2011-12-04,11:10:00,2158.734083,21.26,6.989,0.985816,0.2
2011-12-04,11:20:00,2178.884905,21.4,7.029,0.985816,0.2
2011-12-04,11:30:00,2193.967116,21.37,6.941,0.985816,0.2
2011-12-04,11:40:00,2207.194956,21.43,7.066,0.985816,0.2
2011-12-04,11:50:00,2228.211151,21.51,7.104,0.985816,0.2
2011-12-04,12:00:00,2237.483002,21.56,7.19,0.985816,0.2
2011-12-04,12:10:00,2240.820868,21.65,7.158,0.985816,0.2
2011-12-04,12:20:00,2249.103721,21.69,7.244,0.985816,0.2
2011-12-04,12:30:00,2247.372976,21.78,7.302,0.985816,0.2
2011-12-04,12:40:00,2232.290765,21.83,7.254,0.985816,0.2
2011-12-04,12:50:00,2216.095933,21.9,7.11,0.985816,0.2
2011-12-04,13:00:00,2208.925702,21.96,7.387,0.985816,0.2
2011-12-04,13:10:00,2194.956113,21.99,7.437,0.985816,0.2
2011-12-04,13:20:00,2178.637656,22.03,7.503,0.985816,0.2
2011-12-04,13:30:00,2155.519842,22.11,7.599,0.985816,0.2
2011-12-04,13:40:00,2130.176783,22.2,7.779,0.985816,0.2
2011-12-04,13:50:00,2101.866733,22.23,7.857,0.985816,0.2
2011-12-04,14:00:00,2076.770923,22.29,7.966,0.985816,0.2
2011-12-04,14:10:00,2041.661516,22.35,8.062,0.985816,0.2
2011-12-04,14:20:00,2006.675732,22.38,8.059,0.985816,0.2
2011-12-04,14:30:00,1968.970206,22.41,7.862,0.985816,0.2
2011-12-04,14:40:00,1919.273087,22.44,7.878,0.985816,0.2
2011-12-04,14:50:00,1873.531957,22.48,8.002,0.985816,0.2
2011-12-04,15:00:00,1824.94746,22.44,8.007,0.985816,0.2
2011-12-04,15:10:00,1774.384967,22.5,7.898,0.985816,0.2
2011-12-04,15:20:00,1718.382989,22.49,7.94,0.985816,0.2
2011-12-04,15:30:00,1659.414019,22.5,7.978,0.985816,0.2
2011-12-04,15:40:00,1602.05217,22.49,8.075,0.985816,0.2
2011-12-04,15:50:00,1539.868958,22.55,8.101,0.985816,0.2
2011-12-04,16:00:00,1478.674743,22.48,8.132,0.985816,0.2
2011-12-04,16:10:00,1414.266288,22.46,8.067,0.985816,0.2
2011-12-04,16:20:00,1347.014464,22.39,8.038,0.985816,0.2
2011-12-04,16:30:00,1279.020893,22.38,8.003,0.985816,0.2
2011-12-04,16:40:00,1209.049326,22.33,7.966,0.985816,0.2
2011-12-04,16:50:00,1139.572259,22.21,7.936,0.985816,0.2
2011-12-04,17:00:00,1064.902955,22.19,7.919,0.985816,0.2
2011-12-04,17:10:00,990.9753987,22.08,7.891,0.985816,0.2
2011-12-04,17:20:00,915.1934726,22.04,7.948,0.985816,0.2
2011-12-04,17:30:00,839.6587959,22,7.973,0.985816,0.2
2011-12-04,17:40:00,762.269749,21.95,7.969,0.985816,0.2
2011-12-04,17:50:00,687.4768204,21.84,7.956,0.985816,0.2
2011-12-04,18:00:00,608.3570281,21.79,7.919,0.985816,0.2
2011-12-04,18:10:00,530.4734825,21.74,7.968,0.985816,0.2
2011-12-04,18:20:00,445.7905798,21.68,7.94,0.985816,0.2
2011-12-04,18:30:00,240.6972432,21.65,7.948,0.985816,0.2
2011-12-04,18:40:00,86.53727284,21.67,7.85,0.985816,0.2
2011-12-04,18:50:00,71.0841884,21.63,7.645,0.985816,0.2
2011-12-04,19:00:00,55.13660527,21.57,7.666,0.985816,0.2
2011-12-04,19:10:00,40.79614291,21.54,7.681,0.985816,0.2
2011-12-04,19:20:00,25.46668315,21.53,7.711,0.985816,0.2
2011-12-04,19:30:00,11.99159352,21.47,7.675,0.985816,0.2
2011-12-04,19:40:00,3.83236494,21.44,7.63,0.985816,0.2
2011-12-04,19:50:00,0.741748053,21.45,7.814,0.985816,0.2
2011-12-04,20:00:00,0.123624675,21.4,7.801,0.985816,0.2
2011-12-04,20:10:00,0,21.44,7.767,0.985816,0.2
2011-12-04,20:20:00,0,21.46,7.823,0.985816,0.2
2011-12-04,20:30:00,0,21.43,7.758,0.985816,0.2
2011-12-04,20:40:00,0,21.36,7.701,0.985816,0.2
2011-12-04,20:50:00,0,21.29,7.528,0.985816,0.2
2011-12-04,21:00:00,0,21.26,7.501,0.985816,0.2
2011-12-04,21:10:00,0,21.22,7.385,0.985816,0.2
2011-12-04,21:20:00,0,21.21,7.496,0.985816,0.2
2011-12-04,21:30:00,0,21.26,7.594,0.985816,0.2
2011-12-04,21:40:00,0,21.17,7.474,0.985816,0.2
2011-12-04,21:50:00,0,21.15,7.465,0.985816,0.2
2011-12-04,22:00:00,0,21.16,7.392,0.985816,0.2
2011-12-04,22:10:00,0,21.09,7.392,0.985816,0.2
2011-12-04,22:20:00,0,21.09,7.558,0.985816,0.2
2011-12-04,22:30:00,0,21.09,7.359,0.985816,0.2
2011-12-04,22:40:00,0,21.03,7.219,0.985816,0.2
2011-12-04,22:50:00,0,21.1,7.238,0.985816,0.2
2011-12-04,23:00:00,0,21.02,7.176,0.985816,0.2
2011-12-04,23:10:00,0,20.98,7.258,0.985816,0.2
2011-12-04,23:20:00,0,20.99,7.142,0.985816,0.2
2011-12-04,23:30:00,0,20.97,7.081,0.985816,0.2
2011-12-04,23:40:00,0,20.96,7.052,0.985816,0.2
2011-12-04,23:50:00,0,20.93,7.201,0.985816,0.2
2011-12-05,00:00:00,0,20.94,7.133,0.985816,0.2
2011-12-05,00:10:00,0,20.92,7.073,0.985816,0.2
2011-12-05,00:20:00,0,20.87,7.058,0.985816,0.2
2011-12-05,00:30:00,0,20.86,7.026,0.985816,0.2
2011-12-05,00:40:00,0,20.92,7.111,0.985816,0.2
2011-12-05,00:50:00,0,20.88,7.097,0.985816,0.2
2011-12-05,01:00:00,0,20.82,6.923,0.985816,0.2
2011-12-05,01:10:00,0,20.8,6.892,0.985816,0.2
2011-12-05,01:20:00,0,20.86,6.894,0.985816,0.2
2011-12-05,01:30:00,0,20.81,6.902,0.985816,0.2
2011-12-05,01:40:00,0,20.78,6.804,0.985816,0.2
2011-12-05,01:50:00,0,20.76,6.756,0.985816,0.2
2011-12-05,02:00:00,0,20.76,6.707,0.985816,0.2
2011-12-05,02:10:00,0,20.74,6.769,0.985816,0.2
2011-12-05,02:20:00,0,20.67,6.748,0.985816,0.2
2011-12-05,02:30:00,0,20.68,6.785,0.985816,0.2
2011-12-05,02:40:00,0,20.65,6.802,0.985816,0.2
2011-12-05,02:50:00,0,20.56,6.644,0.985816,0.2
2011-12-05,03:00:00,0,20.54,6.682,0.985816,0.2
2011-12-05,03:10:00,0,20.48,6.734,0.985816,0.2
2011-12-05,03:20:00,0,20.45,6.673,0.985816,0.2
2011-12-05,03:30:00,0,20.4,6.639,0.985816,0.2
2011-12-05,03:40:00,0,20.38,6.603,0.985816,0.2
2011-12-05,03:50:00,0,20.33,6.643,0.985816,0.2
2011-12-05,04:00:00,0,20.28,6.591,0.985816,0.2
2011-12-05,04:10:00,0,20.25,6.504,0.985816,0.2
2011-12-05,04:20:00,0,20.24,6.551,0.985816,0.2
2011-12-05,04:30:00,0,20.2,6.56,0.985816,0.2
2011-12-05,04:40:00,0.123624675,20.15,6.499,0.985816,0.2
2011-12-05,04:50:00,1.607120781,20.12,6.417,0.985816,0.2
2011-12-05,05:00:00,6.675732476,20.08,6.538,0.985816,0.2
2011-12-05,05:10:00,17.67832859,20.03,6.502,0.985816,0.2
2011-12-05,05:20:00,32.51328965,20,6.491,0.985816,0.2
2011-12-05,05:30:00,57.36184943,19.97,6.322,0.985816,0.2
2011-12-05,05:40:00,102.7321053,19.89,6.413,0.985816,0.2
2011-12-05,05:50:00,165.0389418,19.87,6.331,0.985816,0.2
2011-12-05,06:00:00,253.0597107,19.87,6.343,0.985816,0.2
2011-12-05,06:10:00,352.4539498,19.83,6.334,0.985816,0.2
2011-12-05,06:20:00,436.2714798,19.81,6.329,0.985816,0.2
2011-12-05,06:30:00,508.3446656,19.77,6.266,0.985816,0.2
2011-12-05,06:40:00,579.1816046,19.75,6.248,0.985816,0.2
2011-12-05,06:50:00,649.6476697,19.72,6.367,0.985816,0.2
2011-12-05,07:00:00,723.5752256,19.71,6.484,0.985816,0.2
2011-12-05,07:10:00,797.1319075,19.7,6.403,0.985816,0.2
2011-12-05,07:20:00,871.4303375,19.66,6.322,0.985816,0.2
2011-12-05,07:30:00,958.462109,19.65,6.267,0.985816,0.2
2011-12-05,07:40:00,1050.686117,19.63,6.272,0.985816,0.2
2011-12-05,07:50:00,1126.715292,19.64,6.305,0.985816,0.2
2011-12-05,08:00:00,1200.395599,19.68,6.598,0.985816,0.2
2011-12-05,08:10:00,1271.850661,19.72,6.608,0.985816,0.2
2011-12-05,08:20:00,1339.473359,19.73,6.58,0.985816,0.2
2011-12-05,08:30:00,1408.085054,19.8,6.852,0.985816,0.2
2011-12-05,08:40:00,1472.122636,19.87,6.968,0.985816,0.2
2011-12-05,08:50:00,1537.396464,19.95,7.075,0.985816,0.2
2011-12-05,09:00:00,1599.579676,20.04,7.015,0.985816,0.2
2011-12-05,09:10:00,1658.91952,20.08,6.93,0.985816,0.2
2011-12-05,09:20:00,1718.012115,20.13,6.948,0.985816,0.2
2011-12-05,09:30:00,1774.137718,20.18,6.846,0.985816,0.2
2011-12-05,09:40:00,1828.038076,20.24,7.017,0.985816,0.2
2011-12-05,09:50:00,1875.386327,20.3,7.154,0.985816,0.2
2011-12-05,10:00:00,1917.418717,20.37,7.158,0.985816,0.2
2011-12-05,10:10:00,1965.508716,20.42,7.259,0.985816,0.2
2011-12-05,10:20:00,2006.799357,20.5,7.31,0.985816,0.2
2011-12-05,10:30:00,2043.268636,20.57,7.363,0.985816,0.2
2011-12-05,10:40:00,2077.389047,20.67,7.433,0.985816,0.2
2011-12-05,10:50:00,2108.66609,20.76,7.466,0.985816,0.2
2011-12-05,11:00:00,2132.772901,20.81,7.528,0.985816,0.2
2011-12-05,11:10:00,2163.555446,20.92,7.491,0.985816,0.2
2011-12-05,11:20:00,2186.67326,21,7.557,0.985816,0.2
2011-12-05,11:30:00,2202.126344,21.1,7.631,0.985816,0.2
2011-12-05,11:40:00,2215.972308,21.2,7.673,0.985816,0.2
2011-12-05,11:50:00,2231.425393,21.3,7.574,0.985816,0.2
2011-12-05,12:00:00,2214.859686,21.38,7.57,0.985816,0.2
2011-12-05,12:10:00,2230.065521,21.48,7.525,0.985816,0.2
2011-12-05,12:20:00,2234.145135,21.56,7.629,0.985816,0.2
2011-12-05,12:30:00,2229.447398,21.65,7.534,0.985816,0.2
2011-12-05,12:40:00,2229.200148,21.76,7.517,0.985816,0.2
2011-12-05,12:50:00,2230.436395,21.8,7.339,0.985816,0.2
2011-12-05,13:00:00,2205.958709,21.89,7.413,0.985816,0.2
2011-12-05,13:10:00,2191.865496,21.97,7.454,0.985816,0.2
2011-12-05,13:20:00,2173.44542,22.05,7.38,0.985816,0.2
2011-12-05,13:30:00,2146.000742,22.18,7.555,0.985816,0.2
2011-12-05,13:40:00,2122.759303,22.29,7.854,0.985816,0.2
2011-12-05,13:50:00,2096.798121,22.38,8.071,0.985816,0.2
2011-12-05,14:00:00,2066.6337,22.46,8.157,0.985816,0.2
2011-12-05,14:10:00,2022.74694,22.55,8.171,0.985816,0.2
2011-12-05,14:20:00,1985.535913,22.64,8.182,0.985816,0.2
2011-12-05,14:30:00,1952.4045,22.71,8.022,0.985816,0.2
2011-12-05,14:40:00,1911.113858,22.75,7.873,0.985816,0.2
2011-12-05,14:50:00,1864.754605,22.81,7.997,0.985816,0.2
2011-12-05,15:00:00,1813.32674,22.9,8.177,0.985816,0.2
2011-12-05,15:10:00,1762.640623,22.99,8.217,0.985816,0.2
2011-12-05,15:20:00,1706.638645,23.02,8.182,0.985816,0.2
2011-12-05,15:30:00,1649.40042,23.06,8.139,0.985816,0.2
2011-12-05,15:40:00,1595.376437,23.06,8.206,0.985816,0.2
2011-12-05,15:50:00,1532.945976,23.14,8.198,0.985816,0.2
2011-12-05,16:00:00,1467.795772,23.12,8.039,0.985816,0.2
2011-12-05,16:10:00,1406.354308,23.14,8.172,0.985816,0.2
2011-12-05,16:20:00,1337.371739,23.14,8.095,0.985816,0.2
2011-12-05,16:30:00,1274.44678,23.12,8.038,0.985816,0.2
2011-12-05,16:40:00,1201.879095,23.14,8.157,0.985816,0.2
2011-12-05,16:50:00,1135.739894,23.12,8.005,0.985816,0.2
2011-12-05,17:00:00,1060.576091,23.11,7.991,0.985816,0.2
2011-12-05,17:10:00,988.2556558,23.09,7.962,0.985816,0.2
2011-12-05,17:20:00,915.3170973,23.06,7.972,0.985816,0.2
2011-12-05,17:30:00,840.5241686,23.02,8.043,0.985816,0.2
2011-12-05,17:40:00,765.8548646,23.01,8.013,0.985816,0.2
2011-12-05,17:50:00,687.229571,22.97,8.049,0.985816,0.2
2011-12-05,18:00:00,613.9201385,22.93,7.948,0.985816,0.2
2011-12-05,18:10:00,540.9815799,22.89,7.809,0.985816,0.2
2011-12-05,18:20:00,466.9303993,22.86,7.814,0.985816,0.2
2011-12-05,18:30:00,268.3891705,22.82,7.783,0.985816,0.2
2011-12-05,18:40:00,124.3664235,22.79,7.931,0.985816,0.2
2011-12-05,18:50:00,114.1055755,22.76,7.821,0.985816,0.2
2011-12-05,19:00:00,95.06737545,22.74,7.79,0.985816,0.2
2011-12-05,19:10:00,69.6006923,22.71,7.758,0.985816,0.2
2011-12-05,19:20:00,39.43627148,22.66,7.635,0.985816,0.2
2011-12-05,19:30:00,17.67832859,22.65,7.646,0.985816,0.2
2011-12-05,19:40:00,7.911979231,22.62,7.711,0.985816,0.2
2011-12-05,19:50:00,1.236246755,22.59,7.715,0.985816,0.2
2011-12-05,20:00:00,0.123624675,22.58,7.729,0.985816,0.2
2011-12-05,20:10:00,0,22.55,7.647,0.985816,0.2
2011-12-05,20:20:00,0,22.53,7.58,0.985816,0.2
2011-12-05,20:30:00,0,22.51,7.577,0.985816,0.2
2011-12-05,20:40:00,0,22.5,7.585,0.985816,0.2
2011-12-05,20:50:00,0,22.47,7.642,0.985816,0.2
2011-12-05,21:00:00,0,22.43,7.507,0.985816,0.2
2011-12-05,21:10:00,0,22.42,7.45,0.985816,0.2
2011-12-05,21:20:00,0,22.39,7.398,0.985816,0.2
2011-12-05,21:30:00,0,22.38,7.452,0.985816,0.2
2011-12-05,21:40:00,0,22.35,7.553,0.985816,0.2
2011-12-05,21:50:00,0,22.33,7.474,0.985816,0.2
2011-12-05,22:00:00,0,22.29,7.303,0.985816,0.2
2011-12-05,22:10:00,0,22.25,7.233,0.985816,0.2
2011-12-05,22:20:00,0,22.21,7.28,0.985816,0.2
2011-12-05,22:30:00,0,22.18,7.261,0.985816,0.2
2011-12-05,22:40:00,0,22.15,7.178,0.985816,0.2
2011-12-05,22:50:00,0,22.11,7.119,0.985816,0.2
2011-12-05,23:00:00,0,22.08,7.135,0.985816,0.2
2011-12-05,23:10:00,0,22.03,7.071,0.985816,0.2
2011-12-05,23:20:00,0,21.98,7.038,0.985816,0.2
2011-12-05,23:30:00,0,21.94,7.004,0.985816,0.2
2011-12-05,23:40:00,0,21.9,6.95,0.985816,0.2
2011-12-05,23:50:00,0,21.85,7.076,0.985816,0.2
2011-12-06,00:00:00,0,21.79,6.99,0.985816,0.2
2011-12-06,00:10:00,0,21.73,6.927,0.985816,0.2
2011-12-06,00:20:00,0,21.69,6.987,0.985816,0.2
2011-12-06,00:30:00,0,21.64,6.968,0.985816,0.2
2011-12-06,00:40:00,0,21.58,6.9,0.985816,0.2
2011-12-06,00:50:00,0,21.51,6.88,0.985816,0.2
2011-12-06,01:00:00,0,21.46,6.824,0.985816,0.2
2011-12-06,01:10:00,0,21.39,6.9,0.985816,0.2
2011-12-06,01:20:00,0,21.32,6.858,0.985816,0.2
2011-12-06,01:30:00,0,21.26,6.838,0.985816,0.2
2011-12-06,01:40:00,0,21.22,6.747,0.985816,0.2
2011-12-06,01:50:00,0,21.16,6.795,0.985816,0.2
2011-12-06,02:00:00,0,21.11,6.758,0.985816,0.2
2011-12-06,02:10:00,0,21.05,6.616,0.985816,0.2
2011-12-06,02:20:00,0,20.99,6.56,0.985816,0.2
2011-12-06,02:30:00,0,20.94,6.333,0.985816,0.2
2011-12-06,02:40:00,0,20.89,6.533,0.985816,0.2
2011-12-06,02:50:00,0,20.85,6.552,0.985816,0.2
2011-12-06,03:00:00,0,20.8,6.627,0.985816,0.2
2011-12-06,03:10:00,0,20.76,6.656,0.985816,0.2
2011-12-06,03:20:00,0,20.71,6.566,0.985816,0.2
2011-12-06,03:30:00,0,20.66,6.453,0.985816,0.2
2011-12-06,03:40:00,0,20.6,6.511,0.985816,0.2
2011-12-06,03:50:00,0,20.56,6.567,0.985816,0.2
2011-12-06,04:00:00,0,20.52,6.464,0.985816,0.2
2011-12-06,04:10:00,0,20.47,6.351,0.985816,0.2
2011-12-06,04:20:00,0,20.42,6.517,0.985816,0.2
2011-12-06,04:30:00,0,20.39,6.541,0.985816,0.2
2011-12-06,04:40:00,0.123624675,20.36,6.448,0.985816,0.2
2011-12-06,04:50:00,1.730745457,20.32,6.47,0.985816,0.2
2011-12-06,05:00:00,7.293855854,20.28,6.393,0.985816,0.2
2011-12-06,05:10:00,18.42007665,20.24,6.47,0.985816,0.2
2011-12-06,05:20:00,34.86215849,20.21,6.331,0.985816,0.2
2011-12-06,05:30:00,60.08159229,20.17,6.331,0.985816,0.2
2011-12-06,05:40:00,108.171591,20.14,6.246,0.985816,0.2
2011-12-06,05:50:00,174.8052911,20.11,6.301,0.985816,0.2
2011-12-06,06:00:00,264.1859315,20.09,6.267,0.985816,0.2
2011-12-06,06:10:00,365.9290394,20.06,6.425,0.985816,0.2
2011-12-06,06:20:00,435.4061071,20.03,6.566,0.985816,0.2
2011-12-06,06:30:00,529.8553591,20.04,6.437,0.985816,0.2
2011-12-06,06:40:00,600.4450488,20.03,6.214,0.985816,0.2
2011-12-06,06:50:00,679.3175918,20.03,6.398,0.985816,0.2
2011-12-06,07:00:00,750.4017802,20.02,6.538,0.985816,0.2
2011-12-06,07:10:00,808.752627,20,6.523,0.985816,0.2
2011-12-06,07:20:00,888.9850414,19.97,6.448,0.985816,0.2
2011-12-06,07:30:00,1025.590308,19.96,6.45,0.985816,0.2
2011-12-06,07:40:00,1054.394857,19.95,6.543,0.985816,0.2
2011-12-06,07:50:00,869.5759674,19.92,6.46,0.985816,0.2
2011-12-06,08:00:00,996.7857584,19.97,6.668,0.985816,0.2
2011-12-06,08:10:00,1054.889356,19.98,6.657,0.985816,0.2
2011-12-06,08:20:00,1241.438991,20.04,6.665,0.985816,0.2
2011-12-06,08:30:00,1325.256521,20.07,6.819,0.985816,0.2
2011-12-06,08:40:00,1258.004698,20.1,6.895,0.985816,0.2
2011-12-06,08:50:00,1256.397577,20.15,6.275,0.985816,0.2
2011-12-06,09:00:00,1209.543825,20.19,6.684,0.985816,0.2
2011-12-06,09:10:00,1257.26295,20.23,6.694,0.985816,0.2
2011-12-06,09:20:00,1645.073557,20.29,6.69,0.985816,0.2
2011-12-06,09:30:00,1811.101496,20.32,6.39,0.985816,0.2
2011-12-06,09:40:00,1656.570652,20.39,6.777,0.985816,0.2
2011-12-06,09:50:00,1716.652244,20.45,6.48,0.985816,0.2
2011-12-06,10:00:00,1875.509952,20.53,6.696,0.985816,0.2
2011-12-06,10:10:00,1990.975399,20.61,7.228,0.985816,0.2
2011-12-06,10:20:00,2045.988379,20.68,7.233,0.985816,0.2
2011-12-06,10:30:00,2037.458277,20.75,7.24,0.985816,0.2
2011-12-06,10:40:00,2075.287427,20.85,7.342,0.985816,0.2
2011-12-06,10:50:00,2052.664112,20.93,7.386,0.985816,0.2
2011-12-06,11:00:00,1885.894425,21,7.343,0.985816,0.2
2011-12-06,11:10:00,2082.210409,21.08,7.508,0.985816,0.2
2011-12-06,11:20:00,1994.560514,21.14,7.497,0.985816,0.2
2011-12-06,11:30:00,2336.753616,21.24,7.511,0.985816,0.2
2011-12-06,11:40:00,2058.474472,21.34,7.419,0.985816,0.2
2011-12-06,11:50:00,1982.692545,21.43,7.381,0.985816,0.2
2011-12-06,12:00:00,1788.972679,21.53,7.389,0.985816,0.2
2011-12-06,12:10:00,1766.349363,21.58,7.402,0.985816,0.2
2011-12-06,12:20:00,1659.414019,21.65,7.419,0.985816,0.2
2011-12-06,12:30:00,1781.555198,21.7,7.364,0.985816,0.2
2011-12-06,12:40:00,1806.898257,21.76,7.353,0.985816,0.2
2011-12-06,12:50:00,1812.461367,21.8,7.356,0.985816,0.2
2011-12-06,13:00:00,1960.687353,21.86,7.436,0.985816,0.2
2011-12-06,13:10:00,2169.48943,21.94,7.453,0.985816,0.2
2011-12-06,13:20:00,2305.352948,22.05,7.48,0.985816,0.2
2011-12-06,13:30:00,2301.891458,22.16,7.497,0.985816,0.2
2011-12-06,13:40:00,2226.480405,22.27,7.72,0.985816,0.2
2011-12-06,13:50:00,2211.52182,22.37,7.861,0.985816,0.2
2011-12-06,14:00:00,2138.088763,22.47,7.989,0.985816,0.2
2011-12-06,14:10:00,2019.161825,22.58,8.063,0.985816,0.2
2011-12-06,14:20:00,1966.621338,22.67,8.062,0.985816,0.2
2011-12-06,14:30:00,1971.937199,22.75,7.873,0.985816,0.2
2011-12-06,14:40:00,1862.900235,22.79,7.788,0.985816,0.2
2011-12-06,14:50:00,1897.515144,22.88,7.789,0.985816,0.2
2011-12-06,15:00:00,1853.628384,22.93,7.93,0.985816,0.2
2011-12-06,15:10:00,1737.297565,22.97,8.077,0.985816,0.2
2011-12-06,15:20:00,1623.439238,22.99,8.167,0.985816,0.2
2011-12-06,15:30:00,1590.184201,23.02,8.075,0.985816,0.2
2011-12-06,15:40:00,1581.777723,23.05,8.082,0.985816,0.2
2011-12-06,15:50:00,1539.250834,23.08,8.167,0.985816,0.2
2011-12-06,16:00:00,1486.710347,23.08,8.172,0.985816,0.2
2011-12-06,16:10:00,1422.79639,23.1,8.251,0.985816,0.2
2011-12-06,16:20:00,1335.393745,23.1,8.208,0.985816,0.2
2011-12-06,16:30:00,1118.926938,23.15,8.219,0.985816,0.2
2011-12-06,16:40:00,1069.106194,23.14,8.23,0.985816,0.2
2011-12-06,16:50:00,1083.81753,23.16,8.145,0.985816,0.2
2011-12-06,17:00:00,1010.878971,23.18,8.119,0.985816,0.2
2011-12-06,17:10:00,995.3022623,23.17,8.113,0.985816,0.2
2011-12-06,17:20:00,947.2122636,23.14,8.047,0.985816,0.2
2011-12-06,17:30:00,851.032266,23.12,8.143,0.985816,0.2
2011-12-06,17:40:00,778.3409569,23.09,8.034,0.985816,0.2
2011-12-06,17:50:00,617.2580047,23.1,8.08,0.985816,0.2
2011-12-06,18:00:00,494.869576,23.09,8.022,0.985816,0.2
2011-12-06,18:10:00,515.1440227,23.07,8.086,0.985816,0.2
2011-12-06,18:20:00,435.5297317,23.04,8.068,0.985816,0.2
2011-12-06,18:30:00,254.1723328,23.02,8.026,0.985816,0.2
2011-12-06,18:40:00,105.0809742,23,8.052,0.985816,0.2
2011-12-06,18:50:00,88.63889232,22.97,7.982,0.985816,0.2
2011-12-06,19:00:00,68.85894425,22.96,8.045,0.985816,0.2
2011-12-06,19:10:00,52.66411176,22.94,7.821,0.985816,0.2
2011-12-06,19:20:00,33.50228706,22.92,8.016,0.985816,0.2
2011-12-06,19:30:00,16.44208184,22.89,7.949,0.985816,0.2
2011-12-06,19:40:00,5.439485721,22.86,7.796,0.985816,0.2
2011-12-06,19:50:00,1.112622079,22.83,7.822,0.985816,0.2
2011-12-06,20:00:00,0,22.8,7.645,0.985816,0.2
2011-12-06,20:10:00,0,22.76,7.589,0.985816,0.2
2011-12-06,20:20:00,0,22.74,7.489,0.985816,0.2
2011-12-06,20:30:00,0,22.71,7.502,0.985816,0.2
2011-12-06,20:40:00,0,22.69,7.525,0.985816,0.2
2011-12-06,20:50:00,0,22.66,7.38,0.985816,0.2
2011-12-06,21:00:00,0,22.64,7.2,0.985816,0.2
2011-12-06,21:10:00,0,22.62,7.373,0.985816,0.2
2011-12-06,21:20:00,0,22.58,7.396,0.985816,0.2
2011-12-06,21:30:00,0,22.54,7.465,0.985816,0.2
2011-12-06,21:40:00,0,22.51,7.501,0.985816,0.2
2011-12-06,21:50:00,0,22.46,7.388,0.985816,0.2
2011-12-06,22:00:00,0,22.46,7.392,0.985816,0.2
2011-12-06,22:10:00,0,22.42,7.466,0.985816,0.2
2011-12-06,22:20:00,0,22.37,7.317,0.985816,0.2
2011-12-06,22:30:00,0,22.35,7.174,0.985816,0.2
2011-12-06,22:40:00,0,22.3,7.231,0.985816,0.2
2011-12-06,22:50:00,0,22.26,7.207,0.985816,0.2
2011-12-06,23:00:00,0,22.23,7.165,0.985816,0.2
2011-12-06,23:10:00,0,22.22,6.986,0.985816,0.2
2011-12-06,23:20:00,0,22.16,7.169,0.985816,0.2
2011-12-06,23:30:00,0,22.14,6.998,0.985816,0.2
2011-12-06,23:40:00,0,22.12,6.964,0.985816,0.2
2011-12-06,23:50:00,0,22.07,7.169,0.985816,0.2
2011-12-07,00:00:00,0,22.07,7.169,0.985816,0.2
